BiDictId,BiDictTxt
91100001,主场景
91101002,故事
91101004,顾客
91101003,仓库
91103005,成就
91102001,好友
91101001,商店
91103001,邮件
91103004,日常任务
91120001,指南
91102007,排行榜
91103003,布置
91199904,拍照分享
91199905,NPC隐藏
91102006,游戏圈
91199915,触发礼包
91199903,公告
91110002,图纸
91119001,经营助手
91109006,委托订单
91109007,自动贩卖
91190001,小游戏
91190003,花岛探险
91113001,换装
91115001,交易行
91114001,魔法花炉
91122001,花岛
91190002,热卖狂欢
91101006,主线故事
91101007,支线故事
91101008,人物故事
91101009,全部仓库页签
91101010,材料仓库页签
91101011,道具仓库页签
91101012,设施仓库页签
91101013,家具仓库页签
91101014,仓库扩建详情
91101015,特殊顾客
91101016,普通顾客
91101017,好感
91101018,故事
91101019,顾客成就
91101020,好感结算
91101021,顾客解锁
91101022,顾客详情
91101023,物品详情
91101024,物品出售
91102004,好友商店
91102005,互助
91102008,好友货车
91103006,邮件列表
91103007,邮件详情
91103008,布置列表
91103010,筛选排序
91103011,家具全部页签
91103012,家具地毯页签
91103013,家具座椅页签
91103014,家具陈设页签
91103015,家具摆件页签
91103016,家具墙饰页签
91103017,墙壁页签
91103018,地板页签
91103019,设施全部页签
91103020,设施采摘页签
91103021,设施养殖页签
91103022,设施生产页签
91116001,花神祝福
91103023,成就分类界面
91103024,成就详情面板
91103025,成就全部页签
91103026,成就经营页签
91103027,成就伙伴页签
91103028,成就收集页签
91104001,主线任务
91108001,主线任务
91103029,每日任务详情
91103030,好感任务详情
91103009,巴孚详情
91106002,种植地块
91106001,养殖设施
91106013,采摘设施
91106009,种植列表
91106010,种植成长加速
91106011,种植收获气泡
91106012,采摘成长加速
91106003,养殖生产加速
91106004,养殖成长加速
91106005,养殖列表
91106006,养殖设施升级
91106007,养殖空闲气泡
91106008,养殖收获气泡
91106014,施肥
91107001,制作合成
91107002,配方列表
91107003,制作加速
91107004,点击制作
91107005,制作合成升级
91107006,制作合成获取气泡
91107007,图纸制作
91109001,经营客流
91109002,顾客订单
91109003,经营事件
91109004,单客订单面板
91109005,订单拒绝
91105001,场景扩建
91105002,场景扩建详情
91105003,扩建加速
91105004,扩建完成
91105005,场景清理
91111001,刷新商店
91111002,房车商店
91112001,充值商店
91121001,设施商店
91121002,家具商店
91121003,装扮商店
91121004,图纸商店
91118001,跑马灯
91199901,客服中心
91199902,调研问卷
91199916,平台订阅
91190004,清明配方兑换
91109008,订单数量奖励
91123001,钓鱼
91123002,假日市集
91190005,打地鼠
91190006,端午配方兑换
91123003,度假村
91199002,拼图
91199003,特惠
91199004,钻石
91199005,特权
91199006,充值
91199007,视频
91199009,扭蛋机
91199010,热卖时光复活
91199011,花岛秘宝开启
91199012,花岛骰子商店
91199013,花炉兑换商店
91199014,交易兑换商店
91199015,花岛兑换商店
91199016,海滨商店
91199017,外观商店
91199018,推送礼包礼包
91188000,环球游纪念品商店
91188100,亚洲纪念品
91188101,日本纪念品
91188102,泰国纪念品
91188103,马尔代夫纪念品
91188104,土耳其纪念品
91188200,欧洲纪念品
91188201,希腊纪念品
91188202,瑞士纪念品
91188203,法国纪念品
91188300,非洲纪念品
91188301,埃及纪念品
91188302,坦桑尼亚纪念品
91188400,大洋洲纪念品
91188401,澳大利亚纪念品
91188500,美洲纪念品
91188501,巴西纪念品
91188502,阿根廷纪念品
91188503,墨西哥纪念品
91188504,加拿大纪念品
91188506,登录奖励
91188507,关注奖励
91188508,订阅奖励
91188509,游戏圈
91188510,录屏奖励
91300201,伙伴
91300202,场景布置
91300501,图纸制作
91300601,故事
91300602,成就
91300701,花神祝福
91300702,经营事件
91300801,换装
91301001,商店
91301201,日常任务
91301501,好友
91301502,排行榜
91301901,小游戏
91302101,委托订单
91302301,交易行
91302501,经营助手
91302701,花岛探险
91302901,融合分解
91303101,自动贩卖
91300301,花园一
91300703,前厅三
91300901,庭院二
91301503,庭院四
91301301,温室一
91301702,前厅四
91301902,树园一
91302302,大厅一
91302102,大厅二
91302702,温室二
91302502,沙滩一
91301101,庭院三
91302902,会客室一
91303102,会客室二
91303301,庭院五
91303501,温室三
91303701,沙滩二
91303901,会客室三
91304101,树园二
91304301,沙滩三
91304501,会客室四
91304701,沙滩四
91304901,会客室五
91305101,温室四
91305301,树园三
91305501,沙滩五
91305701,花园二
91305901,露台
91306101,内院一
91306301,海岸一
91306501,花园三
91306701,房间一
91306901,农场一
91300101,茶饮机
91300302,茶树
91300902,咖啡树
91302103,咖啡机
91303302,果饮机
91304102,蜂巢
91300903,饲料磨坊
91301302,烘焙台
91301303,椰子树
91302303,冰箱
91302304,养殖屋
91301601,冰淇淋机
91303502,甜品柜
91302503,柠檬树
91302903,甜品台
91304001,桃子树
91300102,茉莉
91300603,玫瑰
91301102,菠萝
91301602,草莓
91302201,小麦
91302801,葡萄
91303601,西瓜
91301401,百香果
91301903,树莓
91302504,香蕉
91303103,金菊
91303801,栀子花
91304302,蓝莓
91305001,洛神花
91305002,红豆
91305003,仙草
91305004,薄荷
91305005,薰衣草
91305006,香草
91300303,茶叶
91300904,咖啡豆
91302104,椰子
91303303,柠檬
91304103,桃子
91301304,蜂蜜
91302305,牛奶
91303401,鸡蛋
91304702,蜂王浆
91300103,茉香悠悠
91300401,茉莉清茶
91300604,红玫茉香
91301402,栀子蜜茶
91302001,栀香奶绿
91301603,红玫洛神
91302904,薄荷草茶
91303702,树莓桃桃
91304502,草莓果茶
91300905,洛神青提
91300906,果味椰汁
91301103,莓桃果茶
91301801,酸果莓莓
91302703,冰柠西瓜
91302306,美式咖啡
91303304,玫瑰拿铁
91303902,巴西利亚咖啡
91304703,生椰拿铁
91305302,柠檬雪顶
91303503,冰吸拿铁
91304002,花香甜筒
91304401,柠檬巴菲
91305102,百香果圣代
91302505,热带风暴
91303104,西瓜巴菲
91304201,香草巴菲
91304902,葡萄酸奶
91301305,葡萄布丁
91302202,百香果椰冻
91302203,酸甜布丁
91302204,红豆甜水
91302205,香蕉红豆布丁
91302206,花香果挞
91302207,葡萄慕斯
91302208,花香松饼
91302209,蓝莓曲奇
91302210,薄荷千层
91302211,缤纷果卷
91302212,糖水罐
91302213,萌宠饲料
91302214,咖啡粉
91302215,小麦粉
91302216,鲜奶油
92001001,种植物成熟提醒
92001002,采摘物成熟提醒
92001003,养殖物成熟提醒
92002001,制作完成提醒
92003001,订单顾客满提醒
92003002,事件顾客满提醒
92004001,委托订单筛选提醒
92004002,自动贩卖售完提醒
92005001,签到提醒
92005002,日常任务重置提醒
92005003,日常任务未完成提醒
92005004,魔力雨滴回复满提醒
92000001,每日福利领取提醒
92011001,种植物成熟提醒
92011002,采摘物成熟提醒
92011003,养殖物成熟提醒
92012001,制作完成提醒
92013001,订单顾客满提醒
92013002,事件顾客满提醒
92014001,委托订单筛选提醒
92014002,自动贩卖售完提醒
92015001,签到提醒
92015002,日常任务重置提醒
92015003,日常任务未完成提醒
92015004,魔力雨滴回复满提醒
92010001,每日福利领取提醒
92056101,种植物成熟提醒
92300002,仓库已达上限
92300003,设施坐标重叠
92390001,问卷奖励
92390002,问卷奖励
92300006,特权奖励邮件
92300007,家装值排行奖励
92300008,装扮值排行奖励
92300009,家园点赞排行奖励
92300010,家园交易排行奖励
92300011,热卖狂欢排行奖励
92399001,每日签到礼包
92399002,周福利礼包
92399003,版本更新礼包
92399004,游戏圈活跃礼包
92399006,每日登录礼包
92399008,游戏圈创作礼包
92399011,清明活动奖励结算
92399012,清明活动奖励结算
92399013,中秋积分排行奖励
92399014,钓鱼作战排行奖励
92399015,今日鱼王排行奖励
92399016,金粽礼日排行奖励
92399017,金粽礼总排行奖励
92399018,捉挠挠排行奖励
92399019,端午活动奖励结算
92399020,端午活动奖励结算
92399021,端午活动奖励结算
92399022,活动奖励结算
92398001,迁移补偿
92398002,迁移每日福利
92398003,等级补偿
92398004,等级补偿
92398005,等级补偿
92398006,钻石充值返还
92398007,直购礼包道具发放
92398008,常驻月卡
92398009,活动月卡
92398010,家具服装和货币发放
92398011,先锋测试-测试专属福利
92398012,先锋测试-钻石充值返还
92398013,先锋测试-直购礼包道具
92398014,先锋测试-月卡周卡折算返还
92401001,系统发送1
92401002,系统发送2
92401003,系统发送3
92401004,红包雨来啦！！
92401005,系统发送领取
92401009,开服
92401010,不停服维护
92401011,停服维护
92401012,关服
92401013,购买通知
92401014,红包通知
99900001,一次性补偿
99900002,每日福利
99901001,等级补偿-day1
99901002,等级补偿-day2
99901003,等级补偿-day3
99902001,充值补偿-钻石充值1
99902002,充值补偿-钻石充值2
99902003,充值补偿-钻石充值3
99902004,充值补偿-钻石充值4
99902005,充值补偿-钻石充值5
99902006,充值补偿-钻石充值6
99902101,新手礼包1（旧）
99902102,新手礼包2（旧）
99902103,新手礼包3（旧）
99902104,新手礼包4（旧）
99902105,新手礼包5（旧）
99902106,新手礼包1
99902107,新手礼包2
99902108,新手礼包3
99902109,
99902110,
99902111,清明活动礼包1
99902112,清明活动礼包2
99902113,清明活动礼包3
99902114,旷野之歌礼包
99902115,牛仔部落礼包
99902116,五一礼包1
99902117,五一礼包2
99902118,五一礼包3
99902122,端午手持装扮礼包
99902123,端午交互家具礼包
99902124,端午动态摆件礼包
99902127,心跳魔法
99902128,红心宴会
99902129,炙热舞台
99902130,每日礼包
99902201,充值补偿-月卡1
99902202,充值补偿-月卡2
99902203,充值补偿-月卡3
99902204,充值补偿-清明特权
99902205,稚心贺卡
99902206,五一特权
99902207,特权周卡
99902208,畅游周卡
99903001,金币
99903002,钻石
99903003,假日星光壁纸
99903004,假日方格地砖
99903005,假日浪花地毯
99903006,假日长沙发
99903007,假日单人沙发
99903008,假日木椅
99903009,假日茶几
99903010,假日落地灯
99903011,假日绿植矮墙
99903012,假日圆桌
99903013,假日甜点架
99903014,假日草莓蛋糕
99903015,假日壁挂书架
99903016,假日波点方窗
99903017,海滨竖纹壁纸
99903018,海滨木纹地砖
99903019,海滨地垫
99903020,海滨矮凳
99903021,海滨柜台
99903022,海滨蛋糕柜
99903023,海滨木制隔板
99903024,海滨冰箱
99903025,海滨盆栽
99903026,海滨壁挂绿植
99903027,海滨衣帽挂钩
99903028,海滨装饰画
99903029,海滨小窗
99903030,海滨木门
99903031,春日壁纸
99903032,春日地板
99903033,春日地毯
99903034,春日长沙发
99903035,春日沙发
99903036,春日茶几
99903037,春日展示柜
99903038,春日矮柜
99903039,春日落地灯
99903040,春日点心组
99903041,春日花瓶
99903042,春日方窗
99903043,春日入户门
99903044,茶会落花壁纸
99903045,茶会描花方砖
99903046,茶会花朵地毯
99903047,茶会绿叶小凳
99903048,茶会树叶小凳
99903049,茶会花瓣桌子
99903050,茶会甜品柜
99903051,茶会洗手台
99903052,茶会装饰推车
99903053,茶会花瓶
99903054,茶会茶具组合
99903055,茶会看板
99903056,茶会花苞壁灯
99903057,茶会组合相框
99903058,茶会超大飘窗
99903059,清新心形石砖
99903060,清新椅子
99903061,清新躺椅
99903062,清新圆松树
99903063,清新高松树
99903064,清新长桌
99903065,清新落地灯
99903066,清新小喷泉
99903067,清新白花坛
99903068,清新蓝花坛
99903069,清新小招牌
99903070,清新庭院门
99903071,清新花茶
99903072,清新餐具
99903073,花眠壁纸
99903074,花眠地板
99903075,花眠绒绒地毯
99903076,花眠单人椅
99903077,花眠茶几
99903078,花眠小床
99903079,花眠床头柜
99903080,花眠落地灯
99903081,花眠衣柜
99903082,花眠兔兔
99903083,花眠花瓶
99903084,花眠小挂毯
99903085,花眠落地窗
99903086,花眠木门
99903087,幻蝶壁纸
99903088,幻蝶地板
99903089,幻蝶圆凳
99903090,幻蝶灯串
99903091,幻蝶长桌
99903092,幻蝶书架
99903093,幻蝶隔断
99903094,幻蝶魔法书
99903095,幻蝶水晶球
99903096,幻蝶玩偶
99903097,幻蝶立柱
99903098,幻蝶大门
99903099,幻蝶窄窗
99903100,幻蝶花环
99903101,蝶影之梦壁纸
99903102,蝶影之梦地板
99903103,蝶影地毯
99903104,蝶影沙发
99903105,蝶影香薰烛台
99903106,蝶影方桌
99903107,蝶影茶具
99903108,蝶影甜品组合
99903109,蝶影飘窗
99903110,蝶影相框
99903111,蝶影壁灯
99903112,人鱼公主壁纸
99903113,人鱼公主地板
99903114,人鱼海洋地毯
99903115,人鱼海星地垫
99903116,人鱼公主沙发
99903117,人鱼珍珠床铺
99903118,人鱼公主洋装
99903119,人鱼贝壳茶几
99903120,人鱼珊瑚摆件
99903121,人鱼微型鱼缸
99903122,人鱼贝壳包包
99903123,人鱼贝壳摆件
99903124,人鱼贝壳挂饰
99903125,人鱼海底之窗
99903126,人鱼海螺小窗
99903127,海滨兔子地砖
99903128,派对柠檬椅
99903129,海滨小路灯
99903130,海滨冰桶
99903131,海滨尤克里里
99903132,派对水果篮
99903133,派对装饰门
99903134,海滨兔子气球
99903135,派对水果船
99903136,海滨云朵隔断
99903137,派对西瓜泳池
99903138,派对柠檬桌子
99903139,盛宴壁纸
99903140,盛宴地板
99903141,盛宴地毯
99903142,盛宴圆凳
99903143,盛宴圆桌
99903144,盛宴锦鲤灯
99903145,盛宴矮几
99903146,盛宴博古架
99903147,盛宴盆景
99903148,盛宴庭院
99903149,盛宴宫灯
99903150,盛宴花鸟图
99903151,盛宴灯串
99903152,天鹅茶具
99903153,天鹅烛台
99903154,天鹅花篮
99903155,天鹅餐车
99903156,天鹅钢琴
99903157,天鹅地毯
99903158,天鹅之门
99903159,天鹅暖炉
99903160,天鹅衣柜
99903161,天鹅沙发
99903162,天鹅钢琴椅
99903163,天鹅靠椅
99903164,天鹅茶几
99903165,星月铃兰壁纸
99903166,星月铃兰地板
99903167,铃兰针织地毯
99903168,铃兰单人椅
99903169,铃兰弯月椅
99903170,铃兰矮柜
99903171,铃兰矮桌
99903172,铃兰落地灯
99903173,铃兰梦幻床
99903174,铃兰餐桌
99903175,铃兰壁灯
99903176,铃兰壁挂
99903177,铃兰风铃
99903178,铃兰木窗
99903179,梦羽壁纸
99903180,梦羽地板
99903181,梦羽地毯
99903182,梦羽公主床
99903183,梦羽换衣镜
99903184,梦羽单扇屏风
99903185,梦羽梳妆台
99903186,梦羽浴缸
99903187,梦羽古董花瓶
99903188,梦羽露台
99903189,鲸鱼壁纸
99903190,鲸鱼地板
99903191,鲸鱼长地毯
99903192,鲸鱼网格地毯
99903193,鲸鱼方凳
99903194,鲸鱼摇椅
99903195,鲸鱼储物柜
99903196,鲸鱼长桌
99903197,鲸鱼远航摆件
99903198,鲸鱼珊瑚池
99903199,鲸鱼珊瑚组
99903200,鲸鱼漂流瓶
99903201,鲸鱼水晶球
99903202,鲸鱼网格窗
99903203,鲸鱼装饰画
99903204,鲸鱼立柱
99903205,鲸鱼全景窗
99903206,鲸鱼水母灯
99903207,露营沙滩椅
99903208,露营香蕉船
99903209,水果冲浪板
99903210,露营篝火
99903211,露营果篮
99903212,露营画架
99903213,露营小推车
99903214,露营路标
99903215,露营遮阳床
99903216,露营椰子饮
99903217,露营帐篷
99903218,花房石砖
99903219,花房单人椅
99903220,花房双人椅
99903221,花房玻璃柜
99903222,花房茶几
99903223,花房水池
99903224,花房工具架
99903225,花房工作台
99903226,花房藤编筐
99903227,花房屏风
99903228,花房挂毯
99903229,花房花篮
99903230,海岸木阶
99903231,海岸沙发
99903232,海岸靠椅
99903233,海岸遮阳伞
99903234,海岸游泳池
99903235,海岸充气船
99903236,海岸码头
99903237,海岸酒桶
99903238,海岸冰柜
99903239,海岸游泳圈
99903240,海岸花坛
99903241,海岸地标
99903242,海岸贝壳
99903243,红袖壁纸
99903244,红袖地板
99903245,红袖熊猫地毯
99903246,红袖闺趣圆凳
99903247,红袖衣柜
99903248,红袖熊猫花架
99903249,红袖古风衣架
99903250,红袖床头柜
99903251,红袖刺绣栅栏
99903252,红袖木质栅栏
99903253,红袖金丝床
99903254,红袖八角窗
99903255,红袖古画
99903256,红袖书架
99903257,暖阳秋千椅
99903258,暖阳木椅
99903259,暖阳花椅
99903260,暖阳长桌
99903261,暖阳花架
99903262,暖阳野餐垫
99903263,暖阳花坛
99903264,暖阳花篮
99903265,暖阳玫瑰
99903266,暖阳遮阳伞
99903267,暖阳野餐篮
99903268,兔子玩偶
99903269,暖阳收音机
99903270,暖阳茶具
99903271,茶韵壁纸
99903272,茶韵地板
99903273,悠香地毯
99903274,茶韵圆椅
99903275,茶韵莲花灯
99903276,茶韵屏风
99903277,茶韵景观缸
99903278,悠香茶桌
99903279,悠香案台
99903280,悠香矮柜
99903281,茶韵坐垫
99903282,悠香荷潭
99903283,茶韵栅门
99903284,悠香书画
99903285,山水壁纸
99903286,山水地板
99903287,山水地毯
99903288,山水圆凳
99903289,山水摇椅
99903290,山水靠椅
99903291,山水长桌
99903292,山水展架
99903293,山水书柜
99903294,山水摆桌
99903295,山水趣味摆件
99903296,山水立灯
99903297,山水悬窗
99903298,山水壁画
99903299,乐园地毯
99903300,乐园长椅
99903301,乐园吊床
99903302,乐园绿植
99903303,乐园彩旗
99903304,乐园甜品车
99903305,乐园隔栏
99903306,乐园沙堡
99903307,乐园泳圈
99903308,乐园摆件
99903309,乐园滑梯
99903310,乐园沙桶
99903311,芙蓉石板
99903312,芙蓉石砖
99903313,芙蓉水潭
99903314,芙蓉池塘
99903315,芙蓉地垫
99903316,芙蓉木椅
99903317,芙蓉茶桌
99903318,芙蓉廊桥
99903319,庭院翠竹
99903320,庭院花树
99903321,芙蓉屏风
99903322,庭院花簇
99903323,庭院石灯
99903324,田园靠椅
99903325,田园推车
99903326,田园绿树
99903327,田园栅栏
99903328,田园野菊
99903329,田园花束
99903330,田园水桶
99903331,田园水井
99903332,田园门牌
99903333,田园圆桌
99903334,田园复古灯
99903335,田园花篮
99903336,年轮壁纸
99903337,年轮地板
99903338,年轮地垫
99903339,年轮沙发
99903340,年轮靠椅
99903341,年轮长桌
99903342,年轮立式黑板
99903343,年轮绿植
99903344,年轮书架
99903345,年轮盆栽
99903346,年轮台灯
99903347,年轮书堆
99903348,年轮窗台
99903349,年轮墙饰
99903350,秋景地砖
99903351,秋景落叶堆
99903352,秋景石板
99903353,秋景圆凳
99903354,秋景石桌
99903355,秋景木桌
99903356,秋景隔栏
99903357,秋景碧潭
99903358,秋景菊团
99903359,秋景亭苑
99903360,秋景坐垫
99903361,秋景石灯
99903362,秋景围墙
99903363,秋景金树
99903364,秋景屏风
99903365,秋景茶具
99903366,秋景糕团
99903367,秋景点心
99903368,草叶地毯
99903369,草叶躺椅
99903370,草叶靠椅
99903371,草叶圆桌
99903372,草叶电话亭
99903373,草叶萌宠
99903374,草叶栅栏
99903375,草叶之窗
99903376,草叶小摩托
99903377,草叶信箱
99903378,草叶矮桌
99903379,草叶橱柜
99903380,草叶路灯
99903381,草叶相簿
99903382,秋日小鹿
99903383,秋日枫树
99903384,秋日围栏
99903385,秋日留声机
99903386,秋日大提琴
99903387,秋日曲谱
99903388,秋日茶车
99903389,秋日篝火
99903390,秋日落叶
99903391,秋日果实
99903392,秋日木椅
99903393,秋日长椅
99903394,秋日餐桌
99903395,柠檬地垫
99903396,柠檬浴缸
99903397,柠檬栅栏
99903398,柠檬洗手池
99903399,柠檬置物篮
99903400,柠檬矮柜
99903401,柠檬树
99903402,柠檬花盆
99903403,柠檬镜子
99903404,柠檬墙灯
99903405,柠檬浴巾
99903406,柠檬香氛
99903407,柠檬百叶窗
99903408,可可壁纸
99903409,可可地板
99903410,可可松饼
99903411,可可餐板
99903412,可可茶几
99903413,可可沙发
99903414,可可餐柜
99903415,可可甜品柜
99903416,可可树
99903417,可可餐车
99903418,可可面包柜
99903419,可可百叶窗
99903420,可可地毯
99903421,可可饼干柜
99903422,可可霓虹灯
99903423,可可菜单
99903424,牛仔圆桌
99903425,牛仔鞍椅
99903426,牛仔路牌
99903427,牛仔储物间
99903428,牛仔栅栏
99903429,牛仔摆件
99903430,牛仔仙人掌
99903431,牛仔地垫
99903432,知雨壁纸
99903433,知雨地板
99903434,知雨矮柜
99903435,知雨纸鸢
99903436,知雨青团
99903437,知雨花瓶
99903438,知雨矮桌
99903439,知雨屏风
99903440,知雨茶几
99903441,知雨靠椅
99903442,知雨绿竹
99903443,纯色壁纸
99903444,简约地砖
99903445,木纹地砖
99903446,露台地砖
99903447,幻蝶蜜罐
99903448,蝶影水晶
99903449,推理壁纸
99903450,推理地板
99903451,推理靠椅
99903452,推理茶几
99903453,推理书架
99903454,推理摆件
99903455,推理黑板
99903456,推理一家
99903457,推理座机
99903458,推理书屋
99903459,推理标本
99903460,推理飘窗
99903461,牛仔帐篷
99903462,牛仔篷车
99903463,知雨悬窗
99903464,知雨石桥
99903465,金币树
99903466,饮茶壁纸
99903467,饮茶地板
99903468,饮茶茶几
99903469,饮茶沙发
99903470,饮茶鱼灯
99903471,饮茶屏风
99903472,饮茶绿植
99903473,饮茶茶炉
99903474,饮茶狮灯
99903475,饮茶点心
99903476,饮茶窗户
99903477,福气猫猫
99903478,饮茶套餐
99903479,红心地毯
99903480,爱心靠椅
99903481,红心王座
99903482,红心沙发
99903483,红心花墙
99903484,红心卫兵
99903485,红心茶杯
99903486,红心凉亭
99903487,红心栅栏
99903488,玫瑰甜点
99903489,红心餐桌
99903490,红心甜点
99903491,薯乐壁纸
99903492,薯乐地板
99903493,薯乐套餐
99903494,薯乐吧台
99903495,薯乐摆柜
99903496,点餐机
99903497,薯乐窗户
99903498,薯乐地毯
99903499,薯乐门帘
99903500,薯乐餐牌
99903501,薯乐餐椅
99903502,薯乐餐桌
99903503,童谣阳桌
99903504,童谣秋千
99903505,童谣椅子
99903506,童谣茶杯
99903507,童谣小摊
99903508,童谣栅栏
99903509,童谣气球
99903510,童谣玩偶
99903511,童谣木马
99903512,童谣路灯
99903513,海风摇曳
99903514,旋转音符
99903515,炙热舞台
99903516,祈愿喷泉
99903517,初始花坊
99903518,自然花坊
99903519,可爱花坊
99903520,铃兰之约编发
99903521,铃兰之约洋装
99903522,铃兰之约耳坠
99903523,绘梦时光长发
99903524,绘梦时光洋装
99903525,绘梦时光画板
99903526,绘梦时光耳饰
99903527,网球高马尾
99903528,网球运动装
99903529,网球拍
99903530,偶像双马尾
99903531,偶像打歌服
99903532,偶像麦克风
99903533,偶像桃花包
99903534,偶像闪亮妆容
99903535,偶像桃花戒指
99903536,曼舞盘发
99903537,曼舞衣裙
99903538,曼舞花杖
99903539,曼舞灵翅
99903540,曼舞耳饰
99903541,曼舞面饰
99903542,曼舞眼瞳
99903543,葵野编发
99903544,葵野衣装
99903545,葵野花篮
99903546,葵野背包
99903547,葵野红晕
99903548,恋恋马尾
99903549,恋恋衣裙
99903550,恋恋发圈
99903551,潮流卷发
99903552,潮流衣裙
99903553,潮流墨镜
99903554,潮流耳环
99903555,潮流手绳
99903556,书香马尾
99903557,书香套裙
99903558,书香诗集
99903559,书香眼镜
99903560,鸢尾短发
99903561,鸢尾西装
99903562,鸢尾耳饰
99903563,童趣发型
99903564,童趣校服
99903565,童趣书包
99903566,动感短发
99903567,动感套装
99903568,动感耳环
99903569,浪花马尾
99903570,浪花泳装
99903571,光影长发
99903572,光影衣裙
99903573,复古礼裙
99903574,复古眼镜
99903575,霓虹扎发
99903576,霓虹衣裙
99903577,霓虹耳饰
99903578,悠游短辫
99903579,悠游短裙
99903580,天鹅长发
99903581,天鹅舞裙
99903582,天鹅手饰
99903583,天鹅之泪
99903584,天鹅羽翼
99903585,海恋长发
99903586,海恋礼服
99903587,海恋紫瞳
99903588,海恋竖琴
99903589,暖绒丸子头
99903590,暖绒睡袍
99903591,暖绒小熊
99903592,英伦披发
99903593,英伦套装
99903594,医者长发
99903595,医者套装
99903596,萌骑双马尾
99903597,萌骑背带裤
99903598,青春马尾
99903599,青春校服
99903600,春晖卷发
99903601,春晖连衣裙
99903602,春晖发饰
99903603,墨竹盘发
99903604,墨竹旗袍
99903605,墨竹画扇
99903606,墨竹发簪
99903607,柠檬齐肩发
99903608,柠檬背带裤
99903609,柠檬耳坠
99903610,咩咩卷发
99903611,咩咩套装
99903612,咩咩玩偶
99903613,舵手编发
99903614,舵手工装
99903615,灌篮马尾
99903616,灌篮套装
99903617,甜橙双辫
99903618,甜橙裙装
99903619,邻家短发
99903620,邻家短裙
99903621,绿野长发
99903622,绿野长袍
99903623,绿野耳坠
99903624,玫瑰编发
99903625,玫瑰礼服
99903626,玫瑰手饰
99903627,秋梦编发
99903628,秋梦风衣
99903629,秋梦眼镜
99903630,夜色编发
99903631,夜色披风
99903632,夜色镜片
99903633,凛冬长发
99903634,凛冬长袍
99903635,凛冬手套
99903636,星野雨帽
99903637,星野雨衣
99903638,星野雨伞
99903639,棒球齐肩发
99903640,棒球队服
99903641,风暴棒球棍
99903642,雪恋长发
99903643,雪恋大衣
99903644,春日短发
99903645,春日洋裙
99903646,春日花环
99903647,假日长发
99903648,假日服饰
99903649,假日手持
99903650,春深盘发
99903651,春深汉服
99903652,可可礼帽
99903653,可可洋裙
99903654,可可手杖
99903655,跃动马尾
99903656,发梢轻扬
99903657,奶茶双辫
99903658,福运成双
99903659,浅金垂瀑
99903660,复古随行
99903661,雏菊花篮
99903662,时光提灯
99903663,红玫情深
99903664,奶茶微甜
99903665,灵动泪珠
99903666,萌新驾到
99903667,店长标配
99903668,黄鸡轻舞
99903669,花漾春晖
99903670,蝶影水晶球
99903671,幸运卷发
99903672,幸运长裙
99903673,幸运发饰
99903674,旷野编发
99903675,旷野套装
99903676,旷野玩偶
99903677,旷野手套
99903678,旷野美瞳
99903679,春深纸鸢
99903680,默认脸
99903681,御姐脸
99903682,小猫脸
99903683,帅帅脸
99903684,乖乖脸
99903685,浪花手饰
99903686,光影发饰
99903687,复古披发
99903688,悠游背包
99903689,悠游远望
99903690,海恋耳坠
99903691,海恋手套
99903692,英伦礼帽
99903693,医者手套
99903694,萌骑手套
99903695,青春眼睛
99903696,咩咩鼻子
99903697,舵手手套
99903698,灌篮贴纸
99903699,甜橙兔耳
99903700,邻家书包
99903701,绿野手套
99903702,玫瑰面饰
99903703,秋梦之书
99903704,夜色手套
99903705,凛冬发饰
99903706,星野面饰
99903707,幸运手袖
99903708,雪恋手套
99903709,雪恋背包
99903710,春日草莓
99903711,海岸美瞳
99903712,海岸糖果
99903713,春深之瞳
99903714,春深面饰
99903715,可可美瞳
99903716,可可翅膀
99903717,野火狮帽
99903718,野火舞服
99903719,野火彩球
99903720,野火耳坠
99903721,满分马尾
99903722,满分发夹
99903723,满分围裙
99903724,满分餐板
99903725,金粽礼帽
99903726,美味粽子
99903727,金粽手套
99903728,金粽礼服
99903729,心跳盘发
99903730,心跳礼服
99903731,心跳面贴
99903732,心跳手套
99903733,心跳美瞳
99903734,真相披发
99903735,真相风衣
99903736,真相之镜
99903737,真相耳坠
99910001,一次性补偿
99912001,钻石充值：60 钻石
99912002,钻石充值：300 钻石
99912003,钻石充值：680 钻石
99912004,钻石充值：1980 钻石
99912005,钻石充值：3280 钻石
99912006,钻石充值：6480 钻石
99912007,直购礼包：幸运指引
99912008,直购礼包：新店礼包
99912009,直购礼包：天鹅织梦
99912010,直购礼包：每日礼包
99912011,直购礼包：月夕喜鹊
99912012,直购礼包：鹊桥相会
99912013,直购礼包：祈愿喷泉
99912015,VIP特权：繁花信笺
99912016,VIP特权：四季信笺
99912017,VIP特权：花神信笺
99912018,VIP特权：畅游周卡
99912019,VIP特权：特权周卡
99912020,VIP特权：七夕贺卡
10100011,铃兰编发
10100021,铃兰洋装
10100031,铃兰风车
10100051,铃兰耳坠
10100111,绘梦长发
10100121,绘梦洋装
10100131,绘梦画板
10100151,绘梦耳饰
10100211,网球马尾
10100221,网球套装
10100231,网球拍
10100311,偶像马尾
10100321,偶像歌服
10100351,偶像妆容
10100361,偶像戒指
10100411,曼舞盘发
10100421,曼舞衣裙
10100431,曼舞花杖
10100441,曼舞灵翅
10100451,曼舞耳饰
10100452,曼舞面饰
10100491,曼舞眼瞳
10100511,葵野编发
10100521,葵野衣装
10100531,葵野花篮
10100541,葵野背包
10100551,葵野红晕
10100611,恋恋马尾
10100621,恋恋衣裙
10100661,恋恋发圈
10100711,潮流卷发
10100721,潮流衣裙
10100751,潮流耳环
10100761,潮流手绳
10100811,书香马尾
10100821,书香套裙
10100831,书香诗集
10100851,书香眼镜
10100911,鸢尾短发
10100921,鸢尾西装
10100951,鸢尾耳饰
10101011,童趣发型
10101021,童趣校服
10101041,童趣书包
10101111,动感短发
10101121,动感套装
10101151,动感耳环
10101211,浪花马尾
10101221,浪花泳装
10101261,浪花手饰
10101311,光影长发
10101321,光影衣裙
10101381,光影发饰
10101411,复古披发
10101421,复古礼裙
10101451,复古眼镜
10101511,霓虹扎发
10101521,霓虹衣裙
10101551,霓虹耳饰
10101611,悠游短辫
10101621,悠游短裙
10101631,悠游远望
10101641,悠游背包
10101711,天鹅长发
10101721,天鹅舞裙
10101741,天鹅羽翼
10101751,天鹅之泪
10101761,天鹅手饰
10101811,海恋长发
10101821,海恋礼服
10101831,海恋竖琴
10101851,海恋耳坠
10101861,海恋手套
10101891,海恋紫瞳
10101911,暖绒盘发
10101921,暖绒睡袍
10101931,暖绒小熊
10102011,英伦披发
10102021,英伦套装
10102081,英伦礼帽
10102111,医者长发
10102121,医者套装
10102161,医者手套
10102211,萌骑双马尾
10102221,萌骑背带
10102261,萌骑手套
10102311,青春马尾
10102321,青春校服
10102351,青春眼睛
10102411,春晖卷发
10102421,春晖长裙
10102451,春晖发饰
10102511,墨竹盘发
10102521,墨竹旗袍
10102531,墨竹画扇
10102551,墨竹发簪
10102611,柠檬披发
10102621,柠檬套装
10102651,柠檬耳坠
10102711,咩咩卷发
10102721,咩咩套装
10102731,咩咩玩偶
10102751,咩咩鼻子
10102811,舵手编发
10102821,舵手工装
10102861,舵手手套
10102911,灌篮马尾
10102921,灌篮套装
10102951,灌篮贴纸
10103011,甜橙双辫
10103021,甜橙裙装
10103081,甜橙兔耳
10103111,邻家短发
10103121,邻家短裙
10103141,邻家书包
10103211,绿野长发
10103221,绿野长袍
10103251,绿野耳坠
10103261,绿野手套
10103311,玫瑰编发
10103321,玫瑰礼服
10103351,玫瑰面饰
10103361,玫瑰手饰
10103411,秋梦编发
10103421,秋梦风衣
10103431,秋梦之书
10103451,秋梦眼镜
10103511,夜色编发
10103521,夜色披风
10103551,夜色镜片
10103561,夜色手套
10103611,凛冬长发
10103621,凛冬长袍
10103661,凛冬手套
10103681,凛冬发饰
10103711,星野雨帽
10103721,星野雨衣
10103731,星野雨伞
10103751,星野面饰
10103811,幸运卷发
10103821,幸运长裙
10103861,幸运手袖
10103881,幸运发饰
10103911,棒球短发
10103921,棒球队服
10103931,棒球棍
10104011,雪恋长发
10104021,雪恋大衣
10104041,雪恋背包
10104061,雪恋手套
10104111,春日短发
10104121,春日洋裙
10104131,春日草莓
10104181,春日花环
10104211,旷野编发
10104221,旷野套装
10104231,旷野玩偶
10104261,旷野手套
10104291,旷野美瞳
10104311,海岸编发
10104321,海岸泳衣
10104331,海岸水枪
10104351,海岸糖果
10104391,海岸美瞳
10104411,春深盘发
10104421,春深汉服
10104431,春深纸鸢
10104451,春深面饰
10104491,春深之瞳
10104511,可可礼帽
10104521,可可洋裙
10104531,可可手杖
10104561,可可翅膀
10104591,可可美瞳
10104711,野火狮帽
10104721,野火舞服
10104731,野火彩球
10104751,野火耳坠
10104811,金粽礼帽
10104821,金粽礼服
10104831,美味粽子
10104861,金粽手套
10104911,心跳盘发
10104921,心跳礼服
10104951,心跳面贴
10104961,心跳手套
10104991,心跳美瞳
10105011,真相披发
10105021,真相耳坠
10105031,真相风衣
10105051,真相之镜
10105111,满分马尾
10105121,满分围裙
10105131,满分餐板
10105151,满分发夹
10105411,纯白卷发
10105421,纯白礼裙
10105441,纯白背包
10105451,纯白耳坠
10105911,月夕盘发
10105921,月夕织装
10105981,月夕喜鹊
10105951,月夕耳坠
10105931,月夕团扇
10106011,银河盘发
10106021,银河曳裙
10106031,银河星杖
10106051,银河面饰
10106091,银河凝眸
10109911,跃动马尾
10109912,发梢轻扬
10109913,奶茶双辫
10109914,福运成双
10109915,浅金垂瀑
10109931,复古随行
10109932,雏菊花篮
10109933,时光提灯
10109934,红玫情深
10109935,奶茶微甜
10109951,灵动泪珠
10109971,默认脸
10109972,御姐脸
10109973,小猫脸
10109974,帅帅脸
10109975,乖乖脸
10109981,萌新驾到
10109982,店长标配
10109983,黄鸡轻舞
10109984,花漾春晖
10109985,斑斓墨镜
10109986,偶像麦克
10109987,偶像背包
10200001,角色等级1
10200002,角色等级2
10200003,角色等级3
10200004,角色等级4
10200005,角色等级5
10200006,角色等级6
10200007,角色等级7
10200008,角色等级8
10200009,角色等级9
10200010,角色等级10
10200011,角色等级11
10200012,角色等级12
10200013,角色等级13
10200014,角色等级14
10200015,角色等级15
10200016,角色等级16
10200017,角色等级17
10200018,角色等级18
10200019,角色等级19
10200020,角色等级20
10200021,角色等级21
10200022,角色等级22
10200023,角色等级23
10200024,角色等级24
10200025,角色等级25
10200026,角色等级26
10200027,角色等级27
10200028,角色等级28
10200029,角色等级29
10200030,角色等级30
10200031,角色等级31
10200032,角色等级32
10200033,角色等级33
10200034,角色等级34
10200035,角色等级35
10200036,角色等级36
10200037,角色等级37
10200038,角色等级38
10200039,角色等级39
10200040,角色等级40
10200041,角色等级41
10200042,角色等级42
10200043,角色等级43
10200044,角色等级44
10200045,角色等级45
10200046,角色等级46
10200047,角色等级47
10200048,角色等级48
10200049,角色等级49
10200050,角色等级50
10200051,角色等级51
10200052,角色等级52
10200053,角色等级53
10200054,角色等级54
10200055,角色等级55
10200056,角色等级56
10200057,角色等级57
10200058,角色等级58
10200059,角色等级59
10200060,角色等级60
10200061,角色等级61
10200062,角色等级62
10200063,角色等级63
10200064,角色等级64
10200065,角色等级65
10200066,角色等级66
10200067,角色等级67
10200068,角色等级68
10200069,角色等级69
10200070,角色等级70
10200071,角色等级71
10200072,角色等级72
10200073,角色等级73
10200074,角色等级74
10200075,角色等级75
10200076,角色等级76
10200077,角色等级77
10200078,角色等级78
10200079,角色等级79
10200080,角色等级80
10201001,顾客等级1
10201002,顾客等级2
10201003,顾客等级3
10201004,顾客等级4
10201005,顾客等级5
10201006,顾客等级6
10201007,顾客等级7
10202001,特殊顾客等级1
10202002,特殊顾客等级2
10202003,特殊顾客等级3
10202004,特殊顾客等级4
10202005,特殊顾客等级5
10202006,特殊顾客等级6
10202007,特殊顾客等级7
10203001,家装成就等级1
10203002,家装成就等级2
10203003,家装成就等级3
10203004,家装成就等级4
10203005,家装成就等级5
10203006,家装成就等级6
10203007,家装成就等级7
10203008,家装成就等级8
10203009,家装成就等级9
10203010,家装成就等级10
10203011,家装成就等级11
10203012,家装成就等级12
10203013,家装成就等级13
10203014,家装成就等级14
10204001,装扮成就等级1
10204002,装扮成就等级2
10204003,装扮成就等级3
10204004,装扮成就等级4
10204005,装扮成就等级5
10204006,装扮成就等级6
10204007,装扮成就等级7
10204008,装扮成就等级8
10204009,装扮成就等级9
10204010,装扮成就等级10
10204011,装扮成就等级11
10204012,装扮成就等级12
10204013,装扮成就等级13
10204014,装扮成就等级14
10205001,魔法花炉等级1
10205002,魔法花炉等级2
10205003,魔法花炉等级3
10205004,魔法花炉等级4
10205005,魔法花炉等级5
10205006,魔法花炉等级6
10205007,魔法花炉等级7
10205008,魔法花炉等级8
10205009,魔法花炉等级9
10205010,魔法花炉等级10
10205011,魔法花炉等级11
10205012,魔法花炉等级12
10205013,魔法花炉等级13
10205014,魔法花炉等级14
10205015,魔法花炉等级15
11100001,玩家
11100002,朵莉
11100003,薇塔
11100004,露娜
11101001,文心
11101002,石真
11101003,于潮
11101004,阿展
11101005,百灵
11101006,梦歌
11101007,费明
11101008,江海
11101009,阿飞
11101010,朱莉
11101011,白竹
11101012,绵绵
11101013,徐途
11101014,辛蕊
11102001,夏凛
11102002,卢卡斯
11102003,陶桃
11102004,悠悠
11102005,奥利维
11103001,夏凛
11103002,石真
20001001,玩家经验
20001002,顾客经验
20002001,金币
20002002,钻石
20002003,好友币
20002004,糖水
20002005,饲料
20002006,观影券
20002007,委托次数
20002008,友谊币
20002009,刮刮次数
20002010,指引次数
20002011,探索币
20002012,宣传单
20002013,游戏券
20002014,环球游-亚洲货币
20002015,环球游-欧洲货币
20002016,环球游-美洲货币
20002017,环球游-大洋洲货币
20002018,环球游-非洲货币
20002019,花炉融晶
20002020,钻石扭蛋币
20002021,金币扭蛋币
20002022,七夕扭蛋币
20003001,活跃点
20003002,成就点
20003003,人气值
20003004,探索度
20101001,茉莉
20101002,玫瑰
20101003,金菊
20101004,栀子花
20101005,洛神花
20101006,薰衣草
20101007,香草
20102001,菠萝
20102002,草莓
20102003,葡萄
20102004,西瓜
20102005,蓝莓
20102006,椰子
20102007,柠檬
20102008,桃子
20102009,百香果
20102010,树莓
20102011,香蕉
20103001,小麦
20103002,红豆
20103003,仙草
20103004,薄荷
20103005,茶叶
20103006,咖啡豆
20103007,蜂蜜
20103008,牛奶
20103009,鸡蛋
20103010,蜂王浆
20103011,咖啡粉
20103012,小麦粉
20103013,鲜奶油
20104001,百花露
20104002,长青籽
20104003,幻树藤
20104004,春之芽
20104005,仙语花
20104006,四季果
20104007,蜂蜡
20104008,蜂胶
20201001,茉香悠悠
20201002,茉莉清茶
20201003,红玫茉香
20201004,栀子蜜茶
20201005,栀香奶绿
20201006,红玫洛神
20201007,薄荷草茶
20201008,树莓桃桃
20202001,草莓果茶
20202002,洛神青提
20202003,果味椰汁
20202004,莓桃果茶
20202005,酸果莓莓
20202006,冰柠西瓜
20203001,美式咖啡
20203002,玫瑰拿铁
20203003,巴西利亚咖啡
20203004,生椰拿铁
20203005,柠檬雪顶
20203006,冰吸拿铁
20204001,花香甜筒
20204002,柠檬巴菲
20204003,百香果圣代
20204004,热带风暴
20204005,西瓜巴菲
20204006,香草巴菲
20205001,葡萄酸奶
20205002,葡萄布丁
20205003,百香果椰冻
20205004,酸甜布丁
20205005,红豆甜水
20205006,香蕉红豆布丁
20206001,花香果挞
20206002,葡萄慕斯
20206003,花香松饼
20206004,蓝莓曲奇
20206005,薄荷千层
20206006,缤纷果卷
20301001,魔力雨滴
20302001,奇妙图纸盲盒
20302004,花境初见秘宝
20302005,家具图纸盲盒
20303001,繁花雨露
20303002,繁花纯露
20303003,繁花精露
20304001,糖水罐
20304002,萌宠饲料
20304003,凝光泉水
20304004,溯光泉水
20304005,织光泉水
20304006,委托合同
20305001,外观材料自选
20305002,家具图纸自选
20305003,海恋绮裳图纸自选
20305004,星河入梦图纸自选
20306001,花意染料
20307001,刮一刮金币1
20307002,刮一刮钻石1
20307003,刮一刮雨滴1
20307004,刮一刮金币2
20307005,刮一刮钻石2
20307006,刮一刮雨滴2
20307007,刮一刮金币3
20307008,刮一刮钻石3
20307009,刮一刮雨滴3
20307010,红包雨雨滴
20308001,普通图纸盲盒
20308002,普通图纸盲盒
20308003,普通图纸盲盒
20308004,普通图纸盲盒
20308011,普通图纸盲盒
20308012,普通图纸盲盒
20308013,普通图纸盲盒
20308014,精巧图纸盲盒
20308021,普通图纸盲盒
20308022,普通图纸盲盒
20308023,普通图纸盲盒
20308024,奇妙图纸盲盒
20308031,普通图纸盲盒
20308032,精巧图纸盲盒
20308033,精巧图纸盲盒
20308034,珍稀图纸盲盒
20308041,普通图纸盲盒
20308042,精巧图纸盲盒
20308043,精巧图纸盲盒
20308044,珍稀图纸盲盒
20308051,普通图纸盲盒
20308052,精巧图纸盲盒
20308053,精巧图纸盲盒
20308054,珍稀图纸盲盒
20308061,普通图纸盲盒
20308062,精巧图纸盲盒
20308063,奇妙图纸盲盒
20308064,珍稀图纸盲盒
20308201,幸运指针全套装扮
20308202,天鹅梦缱全套家具图纸
20308203,金币×1000
20308204,金币×5000
20308205,温室花房家具图纸
20308206,星月铃兰家具图纸
20308207,幻蝶之宴家具图纸
20308208,金币×20000
20308209,田园牧歌家具图纸
20308210,蝶影之梦家具图纸
20308211,海滨派对家具图纸
20308212,3星散件图纸
20308213,4星散件图纸
20308214,月夕乞巧盲盒
20308215,好雨知时盲盒
20308216,春日温馨盲盒
20308217,清新庭院盲盒
20308218,温室花房盲盒
20308219,湛蓝海岸盲盒
20308220,星月铃兰盲盒
20308221,草叶之庭盲盒
20308222,幻蝶之宴盲盒
20308223,假日休闲盲盒
20308224,花眠卧室盲盒
20308225,暖阳野餐盲盒
20308226,年轮印记盲盒
20308227,外观材料随机
20308228,三星图纸随机
20308229,月饼材料礼盒
20308230,旷野之歌全套
20308231,牛仔部落盲盒
20308232,闲时饮茶盲盒
20308233,墨染竹香全套装扮
20308234,好雨知时盲盒
20308235,悠游海澜礼盒
20309001,辰星祝福
20309002,薰风祝福
20309003,海浪祝福
20310001,丰产肥料
20311001,营养液
20400001,商品重置
20400002,杂物清除
20400003,增加体力
20400004,复活道具
20401001,普通骰子
20401002,八面骰子
20401003,遥控骰子
20401004,双倍骰子
20401005,魔法骰子
20401006,炸弹牌
20401007,载具01
20401008,载具02
20401009,载具03
20402021,环球游·日本秘宝01
20402022,环球游·日本秘宝02
20402023,环球游·泰国秘宝01
20402024,环球游·泰国秘宝02
20402025,环球游·马尔代夫秘宝01
20402026,环球游·马尔代夫秘宝02
20402027,环球游·土耳其秘宝01
20402028,环球游·土耳其秘宝02
20402029,环球游·希腊秘宝01
20402030,环球游·希腊秘宝02
20402031,环球游·瑞士秘宝01
20402032,环球游·瑞士秘宝02
20402033,环球游·法国秘宝01
20402034,环球游·法国秘宝02
20402035,环球游·埃及秘宝01
20402036,环球游·埃及秘宝02
20402037,环球游·坦桑尼亚秘宝01
20402038,环球游·坦桑尼亚秘宝02
20402039,环球游·澳大利亚秘宝01
20402040,环球游·澳大利亚秘宝02
20402041,环球游·巴西秘宝01
20402042,环球游·巴西秘宝02
20402043,环球游·阿根廷秘宝01
20402044,环球游·阿根廷秘宝02
20402045,环球游·墨西哥秘宝01
20402046,环球游·墨西哥秘宝02
20402047,环球游·加拿大秘宝01
20402048,环球游·加拿大秘宝02
20403001,炸弹
20403002,冰块
20403003,炸弹
20501001,钓鱼王
20501002,银鳞大师
20501003,垂钓高手
20501004,钓鱼新星
20501005,新锐钓手
20501006,金屋奖杯
20501007,银屋奖杯
20501008,铜屋奖杯
20501009,风尚金奖
20501010,风尚银奖
20501011,风尚铜奖
20501012,铃兰之遇
20501013,铃兰记忆
20501014,粽星闪耀
20501015,粽艺匠心
20501016,粽艺高手
20501021,超级钓手
20501022,精英钓手
20501023,专业钓手
20501024,抛竿能手
20501025,明日之星
20501026,玉兔奖杯
20600011,铃兰编发
20600021,铃兰洋装
20600031,铃兰风车
20600051,铃兰耳坠
20600111,绘梦长发
20600121,绘梦洋装
20600131,绘梦画板
20600151,绘梦耳饰
20600211,网球马尾
20600221,网球套装
20600231,网球拍
20600311,偶像马尾
20600321,偶像歌服
20600351,偶像妆容
20600361,偶像戒指
20600411,曼舞盘发
20600421,曼舞衣裙
20600431,曼舞花杖
20600441,曼舞灵翅
20600451,曼舞耳饰
20600452,曼舞面饰
20600491,曼舞眼瞳
20600511,葵野编发
20600521,葵野衣装
20600531,葵野花篮
20600541,葵野背包
20600551,葵野红晕
20600611,恋恋马尾
20600621,恋恋衣裙
20600661,恋恋发圈
20600711,潮流卷发
20600721,潮流衣裙
20600751,潮流耳环
20600761,潮流手绳
20600811,书香马尾
20600821,书香套裙
20600831,书香诗集
20600851,书香眼镜
20600911,鸢尾短发
20600921,鸢尾西装
20600951,鸢尾耳饰
20601011,童趣发型
20601021,童趣校服
20601041,童趣书包
20601111,动感短发
20601121,动感套装
20601151,动感耳环
20601211,浪花马尾
20601221,浪花泳装
20601261,浪花手饰
20601311,光影长发
20601321,光影衣裙
20601381,光影发饰
20601421,复古礼裙
20601451,复古眼镜
20601411,复古披发
20601511,霓虹扎发
20601521,霓虹衣裙
20601551,霓虹耳饰
20601611,悠游短辫
20601621,悠游短裙
20601641,悠游背包
20601631,悠游远望
20601711,天鹅长发
20601721,天鹅舞裙
20601761,天鹅手饰
20601751,天鹅之泪
20601741,天鹅羽翼
20601811,海恋长发
20601821,海恋礼服
20601891,海恋紫瞳
20601831,海恋竖琴
20601851,海恋耳坠
20601861,海恋手套
20601911,暖绒盘发
20601921,暖绒睡袍
20601931,暖绒小熊
20602011,英伦披发
20602021,英伦套装
20602081,英伦礼帽
20602111,医者长发
20602121,医者套装
20602161,医者手套
20602211,萌骑双马尾
20602221,萌骑背带
20602261,萌骑手套
20602311,青春马尾
20602321,青春校服
20602351,青春眼睛
20602411,春晖卷发
20602421,春晖长裙
20602451,春晖发饰
20602511,墨竹盘发
20602521,墨竹旗袍
20602531,墨竹画扇
20602551,墨竹发簪
20602611,柠檬披发
20602621,柠檬套装
20602651,柠檬耳坠
20602711,咩咩卷发
20602721,咩咩套装
20602731,咩咩玩偶
20602751,咩咩鼻子
20602811,舵手编发
20602821,舵手工装
20602861,舵手手套
20602911,灌篮马尾
20602921,灌篮套装
20602951,灌篮贴纸
20603011,甜橙双辫
20603021,甜橙裙装
20603081,甜橙兔耳
20603111,邻家短发
20603121,邻家短裙
20603141,邻家书包
20603211,绿野长发
20603221,绿野长袍
20603251,绿野耳坠
20603261,绿野手套
20603311,玫瑰编发
20603321,玫瑰礼服
20603361,玫瑰手饰
20603351,玫瑰面饰
20603411,秋梦编发
20603421,秋梦风衣
20603451,秋梦眼镜
20603431,秋梦之书
20603511,夜色编发
20603521,夜色披风
20603551,夜色镜片
20603561,夜色手套
20603611,凛冬长发
20603621,凛冬长袍
20603661,凛冬手套
20603681,凛冬发饰
20603711,星野雨帽
20603721,星野雨衣
20603731,星野雨伞
20603751,星野面饰
20603811,幸运卷发
20603821,幸运长裙
20603881,幸运发饰
20603861,幸运手袖
20603911,棒球短发
20603921,棒球队服
20603931,棒球棍
20604011,雪恋长发
20604021,雪恋大衣
20604061,雪恋手套
20604041,雪恋背包
20604111,春日短发
20604121,春日洋裙
20604181,春日花环
20604131,春日草莓
20604211,旷野编发
20604221,旷野套装
20604231,旷野玩偶
20604261,旷野手套
20604291,旷野美瞳
20604311,海岸编发
20604321,海岸泳衣
20604331,海岸水枪
20604391,海岸美瞳
20604351,海岸糖果
20604411,春深盘发
20604421,春深汉服
20604431,春深纸鸢
20604491,春深之瞳
20604451,春深面饰
20604511,可可礼帽
20604521,可可洋裙
20604531,可可手杖
20604591,可可美瞳
20604561,可可翅膀
20604711,野火狮帽
20604721,野火舞服
20604731,野火彩球
20604751,野火耳坠
20604811,金粽礼帽
20604831,美味粽子
20604861,金粽手套
20604821,金粽礼服
20604911,心跳盘发
20604921,心跳礼服
20604951,心跳面贴
20604961,心跳手套
20604991,心跳美瞳
20605011,真相披发
20605031,真相风衣
20605051,真相之镜
20605021,真相耳坠
20605111,满分马尾
20605151,满分发夹
20605121,满分围裙
20605131,满分餐板
20605411,纯白卷发
20605421,纯白礼裙
20605441,纯白背包
20605451,纯白耳坠
20605511,绯色披发
20605521,绯色浴衣
20605531,绯色荷包
20605581,绯色发簪
20605611,暹罗团发
20605621,暹罗发饰
20605661,暹罗长裙
20605681,暹罗手镯
20605711,海湾草帽
20605721,海湾长裙
20605751,海湾墨镜
20605741,海湾背包
20605811,自由短发
20605821,自由套装
20605851,自由脸贴
20605831,自由烤串
20605911,月夕盘发
20605921,月夕织装
20605981,月夕喜鹊
20605951,月夕耳坠
20605931,月夕团扇
20606011,银河盘发
20606021,银河曳裙
20606031,银河星杖
20606051,银河面饰
20606091,银河凝眸
20609911,跃动马尾
20609912,发梢轻扬
20609913,奶茶双辫
20609914,福运成双
20609915,浅金垂瀑
20609931,复古随行
20609932,雏菊花篮
20609933,时光提灯
20609934,红玫情深
20609935,奶茶微甜
20609951,灵动泪珠
20609971,默认脸
20609972,御姐脸
20609973,小猫脸
20609974,帅帅脸
20609975,乖乖脸
20609981,萌新驾到
20609982,店长标配
20609983,黄鸡轻舞
20609984,花漾春晖
20609985,斑斓墨镜
20609986,偶像麦克
20609987,偶像背包
20700131,假日地毯
20700141,假日沙发
20700142,假日靠椅
20700151,假日茶几
20700152,假日落地灯
20700153,假日矮墙
20700154,假日圆桌
20700161,假日甜点
20700171,假日壁挂
20700172,假日方窗
20700231,海滨地垫
20700241,海滨矮凳
20700251,海滨柜台
20700252,海滨冰箱
20700261,海滨盆栽
20700271,海滨壁挂
20700272,海滨装饰画
20700273,海滨小窗
20700274,海滨木门
20700253,海滨隔板
20700331,春日地毯
20700341,春日沙发
20700342,春日靠椅
20700351,春日茶几
20700352,春日展示柜
20700353,春日落地灯
20700361,春日点心组
20700362,春日花瓶
20700371,春日方窗
20700372,春日门扉
20700431,茶会地毯
20700441,茶会小凳
20700451,茶会桌子
20700452,茶会展柜
20700453,茶会推车
20700461,茶会花瓶
20700462,茶会组合
20700471,茶会看板
20700472,茶会壁灯
20700473,茶会飘窗
20700531,清新石砖
20700541,清新躺椅
20700551,清新圆松
20700552,清新立松
20700553,清新地灯
20700554,清新喷泉
20700555,清新花坛
20700556,清新花圃
20700557,清新招牌
20700558,清新门廊
20700631,花眠地毯
20700641,花眠椅子
20700651,花眠茶几
20700652,花眠小床
20700653,花眠矮柜
20700654,花眠地灯
20700655,花眠衣柜
20700661,花眠花瓶
20700671,花眠飘窗
20700672,花眠木门
20700741,幻蝶圆凳
20700751,幻蝶蜜罐
20700752,幻蝶长桌
20700753,幻蝶书架
20700761,幻蝶之书
20700762,幻蝶玩偶
20700771,幻蝶大门
20700772,幻蝶窄窗
20700773,幻蝶花环
20700731,幻蝶地毯
20700831,蝶影地毯
20700841,蝶影沙发
20700851,蝶影香薰
20700852,蝶影方桌
20700853,蝶影屏风
20700861,蝶影水晶
20700862,蝶影茶具
20700863,蝶影甜品
20700871,蝶影飘窗
20700872,蝶影相框
20700873,蝶影壁灯
20700931,人鱼地毯
20700941,人鱼沙发
20700951,人鱼床铺
20700952,人鱼茶几
20700961,人鱼摆件
20700962,人鱼鱼缸
20700963,人鱼贝壳
20700971,人鱼挂饰
20700972,人鱼飘窗
20700973,人鱼悬窗
20701031,派对地砖
20701041,派对椅
20701051,派对冰桶
20701052,尤克里里
20701053,派对装饰
20701054,派对气球
20701055,派对水果
20701056,海滨隔断
20701057,派对泳池
20701058,派对桌子
20701131,盛宴地毯
20701141,盛宴圆凳
20701151,盛宴圆桌
20701152,盛宴锦鲤
20701153,盛宴矮几
20701154,盛宴展架
20701161,盛宴盆景
20701171,盛宴庭院
20701172,盛宴宫灯
20701173,盛宴书画
20701261,天鹅茶具
20701262,天鹅烛台
20701251,天鹅花篮
20701252,天鹅钢琴
20701231,天鹅地毯
20701271,天鹅暖炉
20701241,天鹅沙发
20701242,天鹅琴凳
20701243,天鹅靠椅
20701253,天鹅茶几
20701331,铃兰地垫
20701341,铃兰椅子
20701342,铃兰弯月
20701351,铃兰矮柜
20701352,铃兰矮桌
20701353,铃兰地灯
20701354,铃兰床铺
20701355,铃兰餐桌
20701371,铃兰壁灯
20701372,铃兰风铃
20701431,梦羽地毯
20701451,梦羽床铺
20701452,梦羽镜子
20701453,梦羽屏风
20701454,梦羽妆台
20701455,梦羽浴缸
20701456,梦羽立灯
20701457,梦羽矮柜
20701461,梦羽花瓶
20701471,梦羽露台
20701531,鲸鱼地毯
20701541,鲸鱼摇椅
20701551,鲸鱼储柜
20701552,鲸鱼摆件
20701553,鲸鱼水池
20701554,鲸鱼珊瑚
20701561,鲸鱼水晶
20701571,鲸鱼画框
20701572,鲸鱼落窗
20701573,鲸鱼壁灯
20701641,露营躺椅
20701642,露营船
20701651,露营浪板
20701652,露营篝火
20701653,露营果篮
20701654,露营画架
20701655,露营推车
20701656,露营床
20701661,露营椰汁
20701657,露营帐篷
20701741,花房座椅
20701742,花房长椅
20701751,花坊展柜
20701752,花房茶几
20701753,花房水池
20701754,花房木架
20701755,花房桌台
20701756,花房编筐
20701757,花房屏风
20701771,花房挂毯
20701772,花房花篮
20701831,海岸木阶
20701841,海岸沙发
20701851,海岸阳伞
20701852,海岸泳池
20701853,海岸气船
20701854,海岸码头
20701855,海岸冰柜
20701856,海岸泳圈
20701857,海岸地标
20701858,海岸贝壳
20701931,红袖地毯
20701941,红袖圆凳
20701951,红袖衣柜
20701952,红袖花架
20701953,红袖衣架
20701954,红袖矮柜
20701955,红袖木床
20701971,红袖悬窗
20701972,红袖古画
20701973,红袖书架
20702041,暖阳秋千
20702042,暖阳花椅
20702051,暖阳长桌
20702052,暖阳花架
20702053,暖阳餐垫
20702054,暖阳花坛
20702055,暖阳阳伞
20702061,暖阳餐篮
20702062,暖阳玩偶
20702063,暖阳音响
20702141,茶韵圆椅
20702151,茶韵花灯
20702152,茶韵屏风
20702153,茶韵鱼缸
20702154,悠香茶桌
20702155,悠香案台
20702156,悠香矮柜
20702161,悠香荷潭
20702171,茶韵栅门
20702172,悠香书画
20702231,山水地毯
20702241,山水摇椅
20702242,山水靠椅
20702251,山水长桌
20702252,山水展架
20702253,山水书柜
20702254,山水摆桌
20702255,山水微观
20702256,山水立灯
20702271,山水悬窗
20702331,乐园地毯
20702341,乐园吊床
20702351,乐园彩旗
20702352,乐园冰车
20702353,乐园隔栏
20702354,乐园沙堡
20702355,乐园泳圈
20702356,乐园摆件
20702357,乐园滑梯
20702358,乐园沙桶
20702431,芙蓉石板
20702432,芙蓉石砖
20702433,芙蓉池塘
20702434,芙蓉地垫
20702441,芙蓉木椅
20702451,芙蓉茶桌
20702452,芙蓉廊桥
20702453,庭院花树
20702454,芙蓉屏风
20702455,庭院石灯
20702541,田园靠椅
20702551,田园推车
20702552,田园绿树
20702553,田园栅栏
20702554,田园水桶
20702555,田园水井
20702556,田园门牌
20702557,田园圆桌
20702561,田园立灯
20702562,田园花篮
20702631,年轮地垫
20702641,年轮沙发
20702642,年轮靠椅
20702651,年轮长桌
20702652,年轮书架
20702653,年轮盆栽
20702654,年轮台灯
20702661,年轮书堆
20702671,年轮窗台
20702672,年轮墙饰
20702731,秋景地砖
20702751,秋景隔栏
20702752,秋景碧潭
20702753,秋景菊团
20702754,秋景亭苑
20702755,秋景石灯
20702756,秋景围墙
20702757,秋景金树
20702761,秋景屏风
20702762,秋景茶具
20702931,草叶地毯
20702951,草叶亭子
20702952,草叶萌宠
20702953,草叶栅栏
20702954,草叶之窗
20702955,草叶摩托
20702956,草叶信箱
20702957,草叶矮桌
20702958,草叶橱柜
20702959,草叶路灯
20703051,秋日小鹿
20703052,秋日枫树
20703053,秋日围栏
20703054,秋日留声
20703055,秋日提琴
20703056,秋日曲谱
20703057,秋日茶车
20703031,秋日落叶
20703032,秋日果实
20703041,秋日长椅
20703131,柠檬地垫
20703151,柠檬浴缸
20703152,柠檬水池
20703153,柠檬竹篮
20703154,柠檬树
20703171,柠檬香氛
20703172,柠檬镜子
20703173,柠檬墙灯
20703174,柠檬浴巾
20703175,柠檬小窗
20703261,可可松饼
20703262,可可餐板
20703251,可可茶几
20703252,可可沙发
20703253,可可展柜
20703254,可可树
20703255,可可货架
20703271,可可窗帘
20703231,可可地毯
20703272,可可菜单
20703371,推理书屋
20703372,推理标本
20703373,推理飘窗
20703351,推理书架
20703352,推理摆件
20703353,推理黑板
20703354,推理一家
20703361,推理座机
20703341,推理靠椅
20703355,推理茶几
20703451,牛仔圆桌
20703441,牛仔鞍椅
20703452,牛仔路牌
20703453,牛仔帐篷
20703454,牛仔储柜
20703455,牛仔篷车
20703456,牛仔栅栏
20703461,牛仔摆件
20703462,牛仔绿植
20703431,牛仔地垫
20703551,饮茶茶几
20703541,饮茶沙发
20703552,饮茶鱼灯
20703553,饮茶屏风
20703554,饮茶绿植
20703555,饮茶茶炉
20703571,饮茶狮灯
20703572,饮茶点心
20703573,饮茶窗户
20703561,饮茶套餐
20703661,红心甜点
20703651,红心花墙
20703652,红心卫兵
20703653,红心茶杯
20703654,红心凉亭
20703655,红心栅栏
20703631,红心地毯
20703641,红心王座
20703642,红心沙发
20703656,红心餐桌
20703761,薯乐套餐
20703752,薯乐吧台
20703753,薯乐摆柜
20703754,点餐机
20703771,薯乐窗户
20703731,薯乐地毯
20703772,薯乐门帘
20703773,薯乐餐牌
20703741,薯乐餐椅
20703751,薯乐餐桌
20703851,知雨矮柜
20703871,知雨纸鸢
20703852,知雨青团
20703861,知雨花瓶
20703862,知雨矮桌
20703853,知雨屏风
20703854,知雨茶几
20703841,知雨靠椅
20703872,知雨悬窗
20703855,知雨石桥
20703951,童谣阳桌
20703941,童谣秋千
20703942,童谣椅子
20703952,童谣茶杯
20703953,童谣小摊
20703954,童谣栅栏
20703955,童谣气球
20703956,童谣玩偶
20703957,童谣木马
20703958,童谣路灯
20704031,星河织毯
20704041,星河扶椅
20704051,星河轮转
20704052,星河之书
20704053,星河绮眠
20704054,星河书架
20704055,星河炉心​
20704061,星河承露
20704071,星河浮窗​
20704072,星河云絮
20704551,地标铁塔
20704552,路边小铺
20704553,狸猫摆件
20704554,鲤鱼旗
20704555,鸟居
20704556,樱花温泉
20704651,富丽宫殿
20704652,金桂树
20704653,金莲摆件
20704654,暹罗卧像
20704655,泰国白象
20704656,天王立像
20705241,决胜座椅
20705242,决胜裁判
20705243,决胜看台
20705251,决胜球场
20705252,决胜球框
20705253,决胜分板
20705254,决胜玩偶
20705255,决胜立锥
20705256,决胜围栏
20705257,决胜汽水
20705311,薄荷壁纸
20705321,薄荷地板
20705331,薄荷地毯
20705351,薄荷浴缸
20705352,薄荷水台
20705353,薄荷洗机
20705354,薄荷浴帘
20705355,薄荷小桌
20705361,薄荷香薰
20705371,薄荷小窗
20705372,薄荷壁挂
20705373,薄荷绿植
20705431,鹊桥方砖
20705441,鹊桥摇椅
20705451,鹊桥树影
20705452,鹊桥门廊
20705453,鹊桥相会
20705454,鹊桥水罐
20705455,鹊桥灯笼
20705456,鹊桥绣球
20705457,鹊桥流水
20705458,鹊桥花栏
20709951,海风摇曳
20709952,金币树
20709953,旋转音符
20709954,炙热舞台
20709955,祈愿喷泉
20799401,简约靠椅
20799601,草莓甜点
20799501,海滨蛋糕柜
20799502,花瓣矮柜
20799402,清新椅子
20799503,简约茶几
20799602,简约茶壶
20799603,简约餐盘
20799604,兔子玩偶
20799701,编织挂毯
20799403,茶会树叶小凳
20799504,花瓣水池
20799702,花朵相框
20799703,星月挂灯
20799505,贝壳酒桶
20799506,幸运花圃
20799404,樱花木椅
20799507,天堂鸟
20799508,黄玫瑰
20799605,花瓣茶杯
20799509,白色野菊
20799510,紫色花簇
20799511,黑板招牌
20799512,热带绿植
20799704,中式壁灯
20799513,刺绣屏风
20799514,方正隔断
20799301,莲花地毯
20799515,夏荷藤垫
20799405,中式圆凳
20799705,花藤鸟笼
20799302,落花池塘
20799516,竹竹高升
20799517,橙色花簇
20799406,幸运靠椅
20799518,幸运石桌
20799606,幸运相册
20799519,白色栅栏
20799520,清爽矮柜
20799607,馥郁花瓶
20799608,福气猫猫
20799521,蝴蝶彩灯
20799522,花朵隔断
20799609,蝴蝶水晶
20799303,海星地毯
20799610,贝壳装饰
20799523,水果篮子
20799524,高雅餐车
20799304,梦幻地毯
20799407,贝壳矮凳
20799525,梦幻长桌
20799611,漂流瓶
20799408,休闲长椅
20799526,香槟玫瑰
20799409,庭院石凳
20799527,庭院石桌
20799528,中式坐垫
20799612,中式糕团
20799613,秋叶篝火
20799410,秋叶木椅
20799529,原木桌
20799706,甜甜圈灯
20799530,玫瑰甜点
20799411,爱心靠椅
20799531,绿竹盆栽
20799707,海滨衣帽挂钩
20799412,海岸靠椅
20799708,幻蝶立柱
20799532,人鱼公主洋装
20799533,海滨小路灯
20799709,天鹅之门
20799710,天鹅衣柜
20799711,鲸鱼网格窗
20799712,鲸鱼立柱
20799534,露营路标
20799535,可可餐柜
20799536,可可餐车
20799713,可可饼干柜
20799714,铃兰木窗
20900201,转盘券
20900202,假日彩券
20900203,春日奖券
20900204,鱼饵
20900205,神奇海螺
20900206,童趣币
20900207,挠挠券
20900208,盛夏回忆
20900209,经营币
20900210,环球游机票
20900211,金桂枝
20900212,金秋奖券
20900301,企划积分
20900302,踏青积分
20900303,手记积分
20900304,端午积分
20900305,金粽礼积分
20900306,暑期积分
20900307,月饼积分
20900308,中秋积分
20910001,艾草
20910002,糯米
20910003,木薯粉
20910004,粽叶
20910005,鲜肉
20910006,蜜枣
20910007,糖
20910008,坚果
20910009,芋泥
20920001,花果月饼
20920002,冰皮月饼
20940101,清明骰子
20940102,遥控骰子
20940103,双倍骰子
20940104,魔法骰子
20940105,端午骰子
20940106,遥控骰子
20940107,双倍骰子
20940108,魔法骰子
20940400,万能碎片
20940401,蔚蓝海岸碎片①
20940402,蔚蓝海岸碎片②
20940403,蔚蓝海岸碎片③
20940404,蔚蓝海岸碎片④
20940405,蔚蓝海岸碎片⑤
20940406,蔚蓝海岸碎片⑥
20940407,蔚蓝海岸碎片⑦
20940408,蔚蓝海岸碎片⑧
20940409,蔚蓝海岸碎片⑨
20940411,月饼作战碎片①
20940412,月饼作战碎片②
20940413,月饼作战碎片③
20940414,月饼作战碎片④
20940415,月饼作战碎片⑤
20940416,月饼作战碎片⑥
20940417,月饼作战碎片⑦
20940418,月饼作战碎片⑧
20940419,月饼作战碎片⑨
20940420,活动拼图B万能碎片
20940421,活动拼图C碎片01
20940422,活动拼图C碎片02
20940423,活动拼图C碎片03
20940424,活动拼图C碎片04
20940425,活动拼图C碎片05
20940426,活动拼图C碎片06
20940427,活动拼图C碎片07
20940428,活动拼图C碎片08
20940429,活动拼图C碎片09
20940430,活动拼图C万能碎片
21102001,仓库扩增 1
21102002,仓库扩增 2
21102003,仓库扩增 3
21102004,仓库扩增 4
21102005,仓库扩增 5
21102006,仓库扩增 6
21102007,仓库扩增 7
21102008,仓库扩增 8
21102009,仓库扩增 9
21102010,仓库扩增 10
21102011,仓库扩增 11
21102012,仓库扩增 12
21102013,仓库扩增 13
21102014,仓库扩增 14
21102015,仓库扩增 15
21211001,假日休闲
21211002,海滨茶室
21211003,春日温馨
21211004,粉色茶会
21211005,清新庭院
21211006,花眠卧室
21211007,幻蝶之宴
21211008,蝶影之梦
21211009,人鱼公主
21211010,海滨派对
21211011,古香盛宴
21211012,天鹅舞曲
21211013,星月铃兰
21211014,天鹅梦缱
21211015,骑鲸少女
21211016,夏日露营
21211017,温室花房
21211018,湛蓝海岸
21211019,红袖添香
21211020,暖阳野餐
21211021,茶韵悠香
21211022,流水知音
21211023,海洋乐园
21211024,芙蓉之庭
21211025,田园牧歌
21211026,年轮印记
21211027,月桂秋景
21211029,草叶之庭
21211030,秋日旋律
21211031,柠檬香波
21211032,甜蜜回响
21211033,推理时间
21211034,牛仔部落
21211035,闲时饮茶
21211036,红心宴会
21211037,薯乐无穷
21211038,好雨知时
21211039,仲夏童谣
21211040,星河入梦
21211052,决胜赛点
21211053,蒸汽薄荷
21211054,鹊桥传说
21212000,铃兰之约
21212001,绘梦时光
21212002,网球少女
21212003,偶像歌手
21212004,繁花曼舞
21212005,葵野漫游
21212006,恋恋红心
21212007,潮流丽影
21212008,门第书香
21212009,鸢尾风尚
21212010,童趣校园
21212011,动感音律
21212012,浪花朵朵
21212013,光影写真
21212014,复古腔调
21212015,霓虹飞行
21212016,悠游海澜
21212017,天鹅梦影
21212018,海恋绮裳
21212019,暖绒小憩
21212020,英伦格调
21212021,甜心医者
21212022,闪电萌骑
21212023,青春物语
21212024,山野春晖
21212025,墨染竹香
21212026,柠檬暴击
21212027,好梦咩咩
21212028,花岛航行
21212029,灌篮时刻
21212030,甜橙啵啵
21212031,温柔邻家
21212032,绿野仙踪
21212033,晨曦玫瑰
21212034,温莎秋梦
21212035,夜色剑兰
21212036,凛冬之歌
21212037,星野雨露
21212038,幸运指针
21212039,棒球风暴
21212040,冰雪恋歌
21212041,春日童话
21212042,旷野之歌
21212043,假日海岸
21212044,春深鸢语
21212045,跃动可可
21212047,野火春风
21212048,金粽飘香
21212049,心跳魔法
21212050,真相解码
21212051,满分服务
21212054,纯白絮语
21212055,一期一会
21212056,暹罗之恋
21212057,海湾风情
21212058,自由之心
21212059,月夕乞巧
21212060,银河轨迹
21213001,假日休闲
21213002,海滨茶室
21213003,春日温馨
21213004,粉色茶会
21213005,清新庭院
21213006,花眠卧室
21213007,幻蝶之宴
21213008,蝶影之梦
21213009,人鱼公主
21213010,海滨派对
21213011,古香盛宴
21213012,天鹅舞曲
21213013,星月铃兰
21213014,天鹅梦缱
21213015,骑鲸少女
21213016,夏日露营
21213017,温室花房
21213018,湛蓝海岸
21213019,红袖添香
21213020,暖阳野餐
21213021,茶韵悠香
21213022,流水知音
21213023,海洋乐园
21213024,芙蓉之庭
21213025,田园牧歌
21213026,年轮印记
21213027,月桂秋景
21213029,草叶之庭
21213030,秋日旋律
21213031,柠檬香波
21213032,甜蜜回响
21213033,推理时间
21213034,牛仔部落
21213035,闲时饮茶
21213036,红心宴会
21213037,薯乐无穷
21213038,好雨知时
21213039,仲夏童谣
21213040,星河入梦
21213052,决胜赛点
21213053,蒸汽薄荷
21213054,鹊桥传说
21214000,铃兰之约
21214001,绘梦时光
21214002,网球少女
21214003,偶像歌手
21214004,繁花曼舞
21214005,葵野漫游
21214006,恋恋红心
21214007,潮流丽影
21214008,门第书香
21214009,鸢尾风尚
21214010,童趣校园
21214011,动感音律
21214012,浪花朵朵
21214013,光影写真
21214014,复古腔调
21214015,霓虹飞行
21214016,悠游海澜
21214017,天鹅梦影
21214018,海恋绮裳
21214019,暖绒小憩
21214020,英伦格调
21214021,甜心医者
21214022,闪电萌骑
21214023,青春物语
21214024,山野春晖
21214025,墨染竹香
21214026,柠檬暴击
21214027,好梦咩咩
21214028,花岛航行
21214029,灌篮时刻
21214030,甜橙啵啵
21214031,温柔邻家
21214032,绿野仙踪
21214033,晨曦玫瑰
21214034,温莎秋梦
21214035,夜色剑兰
21214036,凛冬之歌
21214037,星野雨露
21214038,幸运指针
21214039,棒球风暴
21214040,冰雪恋歌
21214041,春日童话
21214042,旷野之歌
21214043,假日海岸
21214044,春深鸢语
21214045,跃动可可
21214047,野火春风
21214048,金粽飘香
21214049,心跳魔法
21214050,真相解码
21214051,满分服务
21214054,纯白絮语
21214055,一期一会
21214056,暹罗之恋
21214057,海湾风情
21214058,自由之心
21214059,月夕乞巧
21214060,银河轨迹
21215001,特惠商店-等级10礼包
21215002,特惠商店-等级20礼包
21215003,特惠商店-等级30礼包
21215004,特惠商店-等级40礼包
21215005,特惠商店-等级50礼包
21215006,特惠商店-等级60礼包
21215021,3星散件图纸
21215022,4星散件图纸
21215023,外观材料随机
21215024,随机三星家具图纸
21215025,每日视频礼包
21215026,绿植盲盒
21215027,摆件盲盒
21215028,道路盲盒
21215029,发型盲盒
21215030,悠游海澜礼盒
21215031,每日免费礼包
21215032,每日视频礼包
21215033,每日礼包
21215034,材料礼包
21215035,顾客礼包
21215036,顾客礼包
21215037,视频外观礼包
21215038,染色礼包
21215039,染色礼包
21215040,小游戏礼包
21215041,小游戏礼包
21215042,648充值红包雨
21215101,3-4星图纸盲盒
21215102,每日礼包
21215103,新手礼包1-幸运指针
21215104,新手礼包2-金币树
21215105,新手礼包4-天鹅梦缱
21215106,特惠商店-外观材料自选
21215107,特惠商店-普通骰子
21215108,特惠商店-外观材料自选-特权购买
21215109,奇妙图纸盲盒-3到5星家具
21215110,新手礼包3-花坛礼包
21215111,新手礼包5-外观材料自选
21215112,月中活动-可爱花坊
21215113,月中阶梯礼包1
21215114,月中阶梯礼包2
21215115,月中阶梯礼包3
21215116,月中阶梯礼包4
21215117,月中阶梯礼包5
21215118,月中阶梯礼包6
21215119,月中阶梯礼包7
21215120,月中阶梯礼包8
21215121,月中阶梯礼包9
21215122,月中阶梯礼包10
21215123,月中阶梯礼包11
21215124,月中阶梯礼包12
21215125,等级礼包6-茶饮机礼包
21252001,1级打扫奖励
21252002,5级打扫奖励
21252003,10级打扫奖励
21252004,20级打扫奖励
21252005,30级打扫奖励
21252006,40级打扫奖励
21252007,50级打扫奖励
21252008,60级打扫奖励
21252009,70级打扫奖励
21216001,分享奖励
21216011,商店金币-1000
21216012,商店金币-5000
21216013,商店金币-20000
21216021,蝶影水晶互动奖励
21216022,金币树互动奖励
21216111,顾客订单累计奖励
21216112,顾客订单累计奖励
21216113,顾客订单累计奖励
21216114,顾客订单累计奖励
21216121,顾客订单累计奖励
21216122,顾客订单累计奖励
21216123,顾客订单累计奖励
21216124,顾客订单累计奖励
21216131,顾客订单累计奖励
21216132,顾客订单累计奖励
21216133,顾客订单累计奖励
21216134,顾客订单累计奖励
21216141,顾客订单累计奖励
21216142,顾客订单累计奖励
21216143,顾客订单累计奖励
21216144,顾客订单累计奖励
21216151,顾客订单累计奖励
21216152,顾客订单累计奖励
21216153,顾客订单累计奖励
21216154,顾客订单累计奖励
21216161,顾客订单累计奖励
21216162,顾客订单累计奖励
21216163,顾客订单累计奖励
21216164,顾客订单累计奖励
21216171,顾客订单累计奖励
21216172,顾客订单累计奖励
21216173,顾客订单累计奖励
21216174,顾客订单累计奖励
21216201,天鹅梦缱图纸-全套获得
21221001,茉莉
21221002,玫瑰
21221003,草莓
21221004,葡萄
21221005,小麦
21221006,菠萝
21221007,百香果
21221008,树莓
21221009,西瓜
21221010,香蕉
21222001,金菊
21222002,栀子花
21222003,洛神花
21222004,仙草
21222005,蓝莓
21222006,红豆
21222007,薄荷
21222008,薰衣草
21222009,香草
21223001,蜂蜜
21223002,蜂王浆
21223003,牛奶
21223004,鸡蛋
21224001,茶叶
21224002,咖啡豆
21224003,椰子
21224004,柠檬
21224005,桃子
21221101,稀有掉落-茉莉
21221102,稀有掉落-玫瑰
21221103,稀有掉落-草莓
21221104,稀有掉落-葡萄
21221105,稀有掉落-小麦
21221106,稀有掉落-菠萝
21221107,稀有掉落-百香果
21221108,稀有掉落-树莓
21221109,稀有掉落-西瓜
21221110,稀有掉落-香蕉
21222101,稀有掉落-金菊
21222102,稀有掉落-栀子花
21222103,稀有掉落-洛神花
21222104,稀有掉落-仙草
21222105,稀有掉落-蓝莓
21222106,稀有掉落-红豆
21222107,稀有掉落-薄荷
21222108,稀有掉落-薰衣草
21222109,稀有掉落-香草
21223101,稀有掉落-蜂蜜
21223102,稀有掉落-蜂王浆
21231001,茉香悠悠
21231002,茉莉清茶
21231003,红玫茉香
21231004,金菊蜜茶
21231005,栀香奶绿
21231006,红玫洛神
21231007,薄荷茶冻
21231008,树莓桃桃
21232001,草莓果茶
21232002,金菊青提
21232003,花果椰汁
21232004,莓桃果茶
21232005,酸果莓莓
21232006,冰柠西瓜
21233001,美式咖啡
21233002,玫瑰拿铁
21233003,巴西利亚咖啡
21233004,生椰拿铁
21233005,柠檬雪顶
21233006,冰吸拿铁
21234001,椰子甜筒
21234002,柠檬巴菲
21234003,双莓圣代
21234004,百香果巴菲
21234005,热带风暴
21234006,香草巴菲
21235001,葡萄酸奶
21235002,葡萄布丁
21235003,草莓椰冻
21235004,酸甜布丁
21235005,红豆甜水
21235006,香蕉红豆布丁
21236001,花香果挞
21236002,葡萄慕斯
21236003,花香松饼
21236004,蓝莓曲奇
21236005,薄荷千层
21236006,缤纷果卷
21237001,糖水罐
21237002,饲料
21238001,咖啡粉
21238002,小麦粉
21238003,鲜奶油
21241001,牡蛎
21241002,海虾
21241003,刺豚
21241004,鲑鱼
21241005,鲈鱼
21241006,鱿鱼
21241007,海马
21241008,鲷鱼
21241009,蝴蝶鱼
21241010,章鱼
21241011,帝王蟹
21241012,旗鱼
21241101,中秋-牡蛎
21241102,中秋-海虾
21241103,中秋-刺豚
21241104,中秋-鲑鱼
21241105,中秋-鲈鱼
21241106,中秋-鱿鱼
21241107,中秋-海马
21241108,中秋-鲷鱼
21241109,中秋-蝴蝶鱼
21241110,中秋-章鱼
21241111,中秋-帝王蟹
21241112,中秋-旗鱼
21242001,热卖狂欢奖励1
21242002,热卖狂欢奖励2
21242003,热卖狂欢奖励3
21242004,热卖狂欢难度配方1
21242005,热卖狂欢难度配方2
21242006,热卖狂欢难度配方3
21242011,卢卡斯的游戏
21242021,炸弹游戏
21242031,打地鼠每日1
21242032,打地鼠每日2
21242033,打地鼠每日3
21251001,委托订单额外奖励
21251002,委托订单额外奖励
21251003,委托订单额外奖励
21251004,委托订单额外奖励
21251005,委托订单额外奖励
21251006,委托订单额外奖励
21251007,委托订单额外奖励
21251008,委托订单额外奖励
21251009,委托订单额外奖励
21251010,委托订单额外奖励
21251011,委托订单额外奖励
21251012,委托订单额外奖励
21251013,委托订单额外奖励
21251014,委托订单额外奖励
21251015,委托订单额外奖励
21251016,委托订单额外奖励
21251017,委托订单额外奖励
21251018,委托订单额外奖励
21251019,委托订单额外奖励
21251020,委托订单额外奖励
21251021,委托订单额外奖励
21251022,委托订单额外奖励
21251023,委托订单额外奖励
21251024,委托订单额外奖励
21251025,委托订单额外奖励
21251026,委托订单额外奖励
21251027,委托订单额外奖励
21251028,委托订单额外奖励
21251101,委托订单-中秋
21251102,委托订单-中秋
21251103,委托订单-中秋
21251104,委托订单-中秋
21251105,委托订单-中秋
21251106,委托订单-中秋
21251107,委托订单-中秋
21251108,委托订单-中秋
21251109,委托订单-中秋
21251110,委托订单-中秋
21251111,委托订单-中秋
21251112,委托订单-中秋
21251113,委托订单-中秋
21251114,委托订单-中秋
21251115,委托订单-中秋
21251116,委托订单-中秋
21251117,委托订单-中秋
21251118,委托订单-中秋
21251119,委托订单-中秋
21251120,委托订单-中秋
21251121,委托订单-中秋
21251122,委托订单-中秋
21251123,委托订单-中秋
21251124,委托订单-中秋
21251125,委托订单-中秋
21251126,委托订单-中秋
21251127,委托订单-中秋
21251128,委托订单-中秋
21251129,委托订单-中秋
21251130,委托订单-中秋
21251131,委托订单-中秋
21251132,委托订单-中秋
21251133,委托订单-中秋
21251134,委托订单-中秋
21251135,委托订单-中秋
21251136,委托订单-中秋
21251137,委托订单-中秋
21251138,委托订单-中秋
21251139,委托订单-中秋
21251140,委托订单-中秋
21251141,委托订单-中秋
21251142,委托订单-中秋
21251143,委托订单-中秋
21251144,委托订单-中秋
21251145,委托订单-中秋
21251146,委托订单-中秋
21251147,委托订单-中秋
21251148,委托订单-中秋
21251149,委托订单-中秋
21251150,委托订单-中秋
21251151,委托订单-中秋
21251152,委托订单-中秋
21251153,委托订单-中秋
21251154,委托订单-中秋
21251155,委托订单-中秋
21251156,委托订单-中秋
21251157,委托订单-中秋
21251158,委托订单-中秋
21251159,委托订单-中秋
21251160,委托订单-中秋
21251161,委托订单-中秋
21251162,委托订单-中秋
21251163,委托订单-中秋
21251164,委托订单-中秋
21251165,委托订单-中秋
21251166,委托订单-中秋
21251167,委托订单-中秋
21251168,委托订单-中秋
21251169,委托订单-中秋
21251170,委托订单-中秋
21251171,委托订单-中秋
21251172,委托订单-中秋
21251173,委托订单-中秋
21251174,委托订单-中秋
21251175,委托订单-中秋
21251176,委托订单-中秋
21251177,委托订单-中秋
21251178,委托订单-中秋
21251179,委托订单-中秋
21251180,委托订单-中秋
21251181,委托订单-中秋
21251182,委托订单-中秋
21251183,委托订单-中秋
21251184,委托订单-中秋
21261001,融合分解奖励-低级稀有
21261002,融合分解奖励-中级稀有
21261003,融合分解奖励-高级稀有
21261004,融合分解奖励-四星家具图纸
21261005,融合分解奖励-五星家具图纸
21261006,融合分解奖励-四星家具
21261007,融合分解奖励-五星家具
21261101,融合分解奖励-物品产出
21261102,融合分解奖励-物品产出
21261103,融合分解奖励-物品产出
21261104,融合分解奖励-物品产出
21261105,融合分解奖励-物品产出
21261106,融合分解奖励-物品产出
21261107,融合分解奖励-物品产出
21261108,融合分解奖励-物品产出
21261109,融合分解奖励-物品产出
21261110,融合分解奖励-物品产出
21261111,融合分解奖励-物品产出
21261112,融合分解奖励-物品产出
21261113,融合分解奖励-物品产出
21261114,融合分解奖励-物品产出
21261115,融合分解奖励-物品产出
21261116,融合分解奖励-物品产出
21261117,融合分解奖励-物品产出
21261118,融合分解奖励-物品产出
21261119,融合分解奖励-物品产出
21261120,融合分解奖励-物品产出
21261121,融合分解奖励-物品产出
21261122,融合分解奖励-物品产出
21261123,融合分解奖励-物品产出
21261124,融合分解奖励-物品产出
21261125,融合分解奖励-物品产出
21261126,融合分解奖励-物品产出
21261127,融合分解奖励-物品产出
21261128,融合分解奖励-物品产出
21261129,融合分解奖励-物品产出
21261130,融合分解奖励-物品产出
21261131,融合分解奖励-物品产出
21261132,融合分解奖励-物品产出
21261133,融合分解奖励-物品产出
21261134,融合分解奖励-物品产出
21261135,融合分解奖励-物品产出
21261136,融合分解奖励-物品产出
21261137,融合分解奖励-物品产出
21261138,融合分解奖励-物品产出
21261139,融合分解奖励-物品产出
21261140,融合分解奖励-物品产出
21261141,融合分解奖励-物品产出
21261142,融合分解奖励-物品产出
21261143,融合分解奖励-物品产出
21261144,融合分解奖励-物品产出
21261145,融合分解奖励-物品产出
21261146,融合分解奖励-物品产出
21261147,融合分解奖励-物品产出
21261201,融合分解奖励-家具产出
21261202,融合分解奖励-家具产出
21261203,融合分解奖励-家具产出
21261204,融合分解奖励-家具产出
21261205,融合分解奖励-家具产出
21261206,融合分解奖励-家具产出
21261207,融合分解奖励-家具产出
21261208,融合分解奖励-家具产出
21261209,融合分解奖励-家具产出
21261210,融合分解奖励-家具产出
21261211,融合分解奖励-家具产出
21261212,融合分解奖励-家具产出
21261213,融合分解奖励-家具产出
21261214,融合分解奖励-家具产出
21261215,融合分解奖励-家具产出
21261216,融合分解奖励-家具产出
21261217,融合分解奖励-家具产出
21261218,融合分解奖励-家具产出
21261219,融合分解奖励-家具产出
21261220,融合分解奖励-家具产出
21261221,融合分解奖励-家具产出
21261222,融合分解奖励-家具产出
21261223,融合分解奖励-家具产出
21261224,融合分解奖励-家具产出
21261225,融合分解奖励-家具产出
21261226,融合分解奖励-家具产出
21261227,融合分解奖励-家具产出
21261228,融合分解奖励-家具产出
21261229,融合分解奖励-家具产出
21261230,融合分解奖励-家具产出
21261231,融合分解奖励-家具产出
21261232,融合分解奖励-家具产出
21261233,融合分解奖励-家具产出
21261234,融合分解奖励-家具产出
21261235,融合分解奖励-家具产出
21261236,融合分解奖励-家具产出
21261237,融合分解奖励-家具产出
21261238,融合分解奖励-家具产出
21261239,融合分解奖励-家具产出
21261240,融合分解奖励-家具产出
21261241,融合分解奖励-家具产出
21261242,融合分解奖励-家具产出
21261243,融合分解奖励-家具产出
21261244,融合分解奖励-家具产出
21261245,融合分解奖励-家具产出
21261246,融合分解奖励-家具产出
21261247,融合分解奖励-家具产出
21261301,融合分解奖励-家具图纸产出
21261302,融合分解奖励-家具图纸产出
21261303,融合分解奖励-家具图纸产出
21261304,融合分解奖励-家具图纸产出
21261305,融合分解奖励-家具图纸产出
21261306,融合分解奖励-家具图纸产出
21261307,融合分解奖励-家具图纸产出
21261308,融合分解奖励-家具图纸产出
21261309,融合分解奖励-家具图纸产出
21261310,融合分解奖励-家具图纸产出
21261311,融合分解奖励-家具图纸产出
21261312,融合分解奖励-家具图纸产出
21261313,融合分解奖励-家具图纸产出
21261314,融合分解奖励-家具图纸产出
21261315,融合分解奖励-家具图纸产出
21261316,融合分解奖励-家具图纸产出
21261317,融合分解奖励-家具图纸产出
21261318,融合分解奖励-家具图纸产出
21261319,融合分解奖励-家具图纸产出
21261320,融合分解奖励-家具图纸产出
21261321,融合分解奖励-家具图纸产出
21261322,融合分解奖励-家具图纸产出
21261323,融合分解奖励-家具图纸产出
21261324,融合分解奖励-家具图纸产出
21261325,融合分解奖励-家具图纸产出
21261326,融合分解奖励-家具图纸产出
21261327,融合分解奖励-家具图纸产出
21261328,融合分解奖励-家具图纸产出
21261329,融合分解奖励-家具图纸产出
21261330,融合分解奖励-家具图纸产出
21261331,融合分解奖励-家具图纸产出
21261332,融合分解奖励-家具图纸产出
21261333,融合分解奖励-家具图纸产出
21261334,融合分解奖励-家具图纸产出
21261335,融合分解奖励-家具图纸产出
21261336,融合分解奖励-家具图纸产出
21261337,融合分解奖励-家具图纸产出
21261338,融合分解奖励-家具图纸产出
21261339,融合分解奖励-家具图纸产出
21261340,融合分解奖励-家具图纸产出
21261341,融合分解奖励-家具图纸产出
21261342,融合分解奖励-家具图纸产出
21261343,融合分解奖励-家具图纸产出
21261344,融合分解奖励-家具图纸产出
21261345,融合分解奖励-家具图纸产出
21261346,融合分解奖励-家具图纸产出
21261347,融合分解奖励-家具图纸产出
21262001,纯色壁纸
21262002,简约地砖
21262003,木纹地砖
21262004,露台地砖
21262005,星光壁纸
21262006,方格地砖
21262007,假日地毯
21262008,假日沙发
21262009,假日靠椅
21262010,假日茶几
21262011,假日落地灯
21262012,假日矮墙
21262013,假日圆桌
21262014,假日甜点
21262015,假日壁挂
21262016,假日方窗
21262017,海滨壁纸
21262018,海滨地砖
21262019,海滨地垫
21262020,海滨矮凳
21262021,海滨柜台
21262022,海滨冰箱
21262023,海滨隔板
21262024,海滨盆栽
21262025,海滨壁挂
21262026,海滨装饰画
21262027,海滨小窗
21262028,海滨木门
21262029,春日壁纸
21262030,春日地板
21262031,春日地毯
21262032,春日沙发
21262033,春日靠椅
21262034,春日茶几
21262035,春日展示柜
21262036,春日落地灯
21262037,春日点心组
21262038,春日花瓶
21262039,春日方窗
21262040,春日门扉
21262041,茶会壁纸
21262042,茶会方砖
21262043,茶会地毯
21262044,茶会小凳
21262045,茶会桌子
21262046,茶会展柜
21262047,茶会推车
21262048,茶会花瓶
21262049,茶会组合
21262050,茶会看板
21262051,茶会壁灯
21262052,茶会飘窗
21262053,清新石砖
21262054,清新躺椅
21262055,清新圆松
21262056,清新立松
21262057,清新地灯
21262058,清新喷泉
21262059,清新花坛
21262060,清新花圃
21262061,清新招牌
21262062,清新门廊
21262063,花眠壁纸
21262064,花眠地板
21262065,花眠地毯
21262066,花眠椅子
21262067,花眠茶几
21262068,花眠小床
21262069,花眠矮柜
21262070,花眠地灯
21262071,花眠衣柜
21262072,花眠花瓶
21262073,花眠飘窗
21262074,花眠木门
21262075,幻蝶壁纸
21262076,幻蝶地板
21262077,幻蝶地毯
21262078,幻蝶圆凳
21262079,幻蝶蜜罐
21262080,幻蝶长桌
21262081,幻蝶书架
21262082,幻蝶之书
21262083,幻蝶玩偶
21262084,幻蝶大门
21262085,幻蝶窄窗
21262086,幻蝶花环
21262087,蝶影壁纸
21262088,蝶影地板
21262089,蝶影地毯
21262090,蝶影沙发
21262091,蝶影香薰
21262092,蝶影方桌
21262093,蝶影水晶
21262094,蝶影茶具
21262095,蝶影甜品
21262096,蝶影飘窗
21262097,蝶影相框
21262098,蝶影壁灯
21262099,人鱼壁纸
21262100,人鱼地板
21262101,人鱼地毯
21262102,人鱼沙发
21262103,人鱼床铺
21262104,人鱼茶几
21262105,人鱼摆件
21262106,人鱼鱼缸
21262107,人鱼贝壳
21262108,人鱼挂饰
21262109,人鱼飘窗
21262110,人鱼悬窗
21262111,派对地砖
21262112,派对椅
21262113,派对冰桶
21262114,尤克里里
21262115,派对装饰
21262116,派对气球
21262117,派对水果
21262118,海滨隔断
21262119,派对泳池
21262120,派对桌子
21262121,盛宴壁纸
21262122,盛宴地板
21262123,盛宴地毯
21262124,盛宴圆凳
21262125,盛宴圆桌
21262126,盛宴锦鲤
21262127,盛宴矮几
21262128,盛宴展架
21262129,盛宴盆景
21262130,盛宴庭院
21262131,盛宴宫灯
21262132,盛宴书画
21262133,天鹅地毯
21262134,天鹅沙发
21262135,天鹅琴凳
21262136,天鹅靠椅
21262137,天鹅花篮
21262138,天鹅钢琴
21262139,天鹅茶几
21262140,天鹅茶具
21262141,天鹅烛台
21262142,天鹅暖炉
21262143,铃兰壁纸
21262144,铃兰地板
21262145,铃兰地垫
21262146,铃兰椅子
21262147,铃兰弯月
21262148,铃兰矮柜
21262149,铃兰矮桌
21262150,铃兰地灯
21262151,铃兰床铺
21262152,铃兰餐桌
21262153,铃兰壁灯
21262154,铃兰风铃
21262155,梦羽壁纸
21262156,梦羽地板
21262157,梦羽地毯
21262158,梦羽床铺
21262159,梦羽镜子
21262160,梦羽屏风
21262161,梦羽妆台
21262162,梦羽浴缸
21262163,梦羽花瓶
21262164,梦羽露台
21262165,鲸鱼壁纸
21262166,鲸鱼地板
21262167,鲸鱼地毯
21262168,鲸鱼摇椅
21262169,鲸鱼储柜
21262170,鲸鱼摆件
21262171,鲸鱼水池
21262172,鲸鱼珊瑚
21262173,鲸鱼水晶
21262174,鲸鱼画框
21262175,鲸鱼落窗
21262176,鲸鱼壁灯
21262177,露营躺椅
21262178,露营船
21262179,露营浪板
21262180,露营篝火
21262181,露营果篮
21262182,露营画架
21262183,露营推车
21262184,露营床
21262185,露营帐篷
21262186,露营椰汁
21262187,花房石砖
21262188,花房座椅
21262189,花房长椅
21262190,花坊展柜
21262191,花房茶几
21262192,花房水池
21262193,花房木架
21262194,花房桌台
21262195,花房编筐
21262196,花房屏风
21262197,花房挂毯
21262198,花房花篮
21262199,海岸木阶
21262200,海岸沙发
21262201,海岸阳伞
21262202,海岸泳池
21262203,海岸气船
21262204,海岸码头
21262205,海岸冰柜
21262206,海岸泳圈
21262207,海岸地标
21262208,海岸贝壳
21262209,红袖壁纸
21262210,红袖地板
21262211,红袖地毯
21262212,红袖圆凳
21262213,红袖衣柜
21262214,红袖花架
21262215,红袖衣架
21262216,红袖矮柜
21262217,红袖木床
21262218,红袖悬窗
21262219,红袖古画
21262220,红袖书架
21262221,暖阳秋千
21262222,暖阳花椅
21262223,暖阳长桌
21262224,暖阳花架
21262225,暖阳餐垫
21262226,暖阳花坛
21262227,暖阳阳伞
21262228,暖阳餐篮
21262229,兔子玩偶
21262230,暖阳音响
21262231,茶韵壁纸
21262232,茶韵地板
21262233,茶韵圆椅
21262234,茶韵花灯
21262235,茶韵屏风
21262236,茶韵鱼缸
21262237,悠香茶桌
21262238,悠香案台
21262239,悠香矮柜
21262240,悠香荷潭
21262241,茶韵栅门
21262242,悠香书画
21262243,山水壁纸
21262244,山水地板
21262245,山水地毯
21262246,山水摇椅
21262247,山水靠椅
21262248,山水长桌
21262249,山水展架
21262250,山水书柜
21262251,山水摆桌
21262252,山水微观
21262253,山水立灯
21262254,山水悬窗
21262255,乐园地毯
21262256,乐园吊床
21262257,乐园彩旗
21262258,乐园冰车
21262259,乐园隔栏
21262260,乐园沙堡
21262261,乐园泳圈
21262262,乐园摆件
21262263,乐园滑梯
21262264,乐园沙桶
21262265,芙蓉石板
21262266,芙蓉石砖
21262267,芙蓉池塘
21262268,芙蓉地垫
21262269,芙蓉木椅
21262270,芙蓉茶桌
21262271,芙蓉廊桥
21262272,庭院花树
21262273,芙蓉屏风
21262274,庭院石灯
21262275,田园靠椅
21262276,田园推车
21262277,田园绿树
21262278,田园栅栏
21262279,田园水桶
21262280,田园水井
21262281,田园门牌
21262282,田园圆桌
21262283,田园立灯
21262284,田园花篮
21262285,年轮壁纸
21262286,年轮地板
21262287,年轮地垫
21262288,年轮沙发
21262289,年轮靠椅
21262290,年轮长桌
21262291,年轮书架
21262292,年轮盆栽
21262293,年轮台灯
21262294,年轮书堆
21262295,年轮窗台
21262296,年轮墙饰
21262297,秋景地砖
21262298,秋景隔栏
21262299,秋景碧潭
21262300,秋景菊团
21262301,秋景亭苑
21262302,秋景石灯
21262303,秋景围墙
21262304,秋景金树
21262305,秋景屏风
21262306,秋景茶具
21262307,草叶地毯
21262308,草叶亭子
21262309,草叶萌宠
21262310,草叶栅栏
21262311,草叶之窗
21262312,草叶摩托
21262313,草叶信箱
21262314,草叶矮桌
21262315,草叶橱柜
21262316,草叶路灯
21262317,秋日落叶
21262318,秋日果实
21262319,秋日长椅
21262320,秋日小鹿
21262321,秋日枫树
21262322,秋日围栏
21262323,秋日留声
21262324,秋日提琴
21262325,秋日曲谱
21262326,秋日茶车
21262327,柠檬地垫
21262328,柠檬浴缸
21262329,柠檬水池
21262330,柠檬竹篮
21262331,柠檬树
21262332,柠檬香氛
21262333,柠檬镜子
21262334,柠檬墙灯
21262335,柠檬浴巾
21262336,柠檬小窗
21262337,可可壁纸
21262338,可可地板
21262339,可可地毯
21262340,可可茶几
21262341,可可沙发
21262342,可可展柜
21262343,可可树
21262344,可可货架
21262345,可可松饼
21262346,可可餐板
21262347,可可窗帘
21262348,可可菜单
21262349,推理壁纸
21262350,推理地板
21262351,推理靠椅
21262352,推理书架
21262353,推理摆件
21262354,推理黑板
21262355,推理一家
21262356,推理茶几
21262357,推理座机
21262358,推理书屋
21262359,推理标本
21262360,推理飘窗
21262361,牛仔地垫
21262362,牛仔鞍椅
21262363,牛仔圆桌
21262364,牛仔路牌
21262365,牛仔帐篷
21262366,牛仔储柜
21262367,牛仔篷车
21262368,牛仔栅栏
21262369,牛仔摆件
21262370,牛仔绿植
21262371,饮茶壁纸
21262372,饮茶地板
21262373,饮茶沙发
21262374,饮茶茶几
21262375,饮茶鱼灯
21262376,饮茶屏风
21262377,饮茶绿植
21262378,饮茶茶炉
21262379,饮茶套餐
21262380,饮茶狮灯
21262381,饮茶点心
21262382,饮茶窗户
21262383,红心地毯
21262384,红心王座
21262385,红心沙发
21262386,红心花墙
21262387,红心卫兵
21262388,红心茶杯
21262389,红心凉亭
21262390,红心栅栏
21262391,红心餐桌
21262392,红心甜点
21262393,薯乐壁纸
21262394,薯乐地板
21262395,薯乐地毯
21262396,薯乐餐椅
21262397,薯乐餐桌
21262398,薯乐吧台
21262399,薯乐摆柜
21262400,点餐机
21262401,薯乐套餐
21262402,薯乐窗户
21262403,薯乐门帘
21262404,薯乐餐牌
21262405,知雨壁纸
21262406,知雨地板
21262407,知雨靠椅
21262408,知雨矮柜
21262409,知雨青团
21262410,知雨屏风
21262411,知雨茶几
21262412,知雨石桥
21262413,知雨花瓶
21262414,知雨矮桌
21262415,知雨纸鸢
21262416,知雨悬窗
21262417,童谣秋千
21262418,童谣椅子
21262419,童谣阳桌
21262420,童谣茶杯
21262421,童谣小摊
21262422,童谣栅栏
21262423,童谣气球
21262424,童谣玩偶
21262425,童谣木马
21262426,童谣路灯
21262427,地标铁塔
21262428,路边小铺
21262429,狸猫摆件
21262430,鲤鱼旗
21262431,鸟居
21262432,樱花温泉
21262433,富丽宫殿
21262434,金桂树
21262435,金莲摆件
21262436,暹罗卧像
21262437,泰国白象
21262438,天王立像
21262439,海风摇曳
21262440,金币树
21262441,旋转音符
21262442,炙热舞台
21262443,祈愿喷泉
21262444,悠香地毯
21262445,芙蓉水潭
21262446,人鱼海星地垫
21262447,鲸鱼网格地毯
21262448,假日木椅
21262449,清新椅子
21262450,茶会树叶小凳
21262451,暖阳木椅
21262452,山水圆凳
21262453,草叶靠椅
21262454,鲸鱼方凳
21262455,乐园长椅
21262456,秋景圆凳
21262457,秋日木椅
21262458,红心靠椅
21262459,海岸靠椅
21262460,海滨蛋糕柜
21262461,春日矮柜
21262462,清新长桌
21262463,茶会洗手台
21262464,海岸酒桶
21262465,海岸花坛
21262466,暖阳花篮
21262467,暖阳玫瑰
21262468,田园野菊
21262469,田园花束
21262470,年轮立式黑板
21262471,年轮绿植
21262472,红袖刺绣栅栏
21262473,红袖木质栅栏
21262474,茶韵坐垫
21262475,庭院翠竹
21262476,庭院花簇
21262477,草叶圆桌
21262478,柠檬栅栏
21262479,柠檬矮柜
21262480,幻蝶灯串
21262481,幻蝶隔断
21262482,派对水果篮
21262483,天鹅餐车
21262484,鲸鱼长桌
21262485,乐园绿植
21262486,秋景石桌
21262487,秋景坐垫
21262488,秋日餐桌
21262489,红心下午茶
21262490,知雨绿竹
21262491,人鱼公主洋装
21262492,海滨小路灯
21262493,露营路标
21262494,可可餐柜
21262495,可可餐车
21262496,假日草莓蛋糕
21262497,清新花茶
21262498,清新餐具
21262499,花眠兔兔
21262500,暖阳茶具
21262501,草叶相簿
21262502,柠檬花盆
21262503,饮茶摆件
21262504,幻蝶水晶球
21262505,人鱼贝壳包包
21262506,鲸鱼漂流瓶
21262507,秋景点心
21262508,秋日篝火
21262509,花眠小挂毯
21262510,茶会组合相框
21262511,铃兰壁挂
21262512,盛宴灯串
21262513,山水壁画
21262514,可可霓虹灯
21262515,海滨衣帽挂钩
21262516,幻蝶立柱
21262517,天鹅之门
21262518,天鹅衣柜
21262519,鲸鱼网格窗
21262520,鲸鱼立柱
21262521,可可饼干柜
21262522,铃兰木窗
21262523,初始花坊
21262524,自然花坊
21262525,可爱花坊
21262526,梦羽立灯
21262527,梦羽矮柜
21262528,蝶影屏风
21262529,决胜球场
21262530,决胜球框
21262531,决胜分板
21262532,决胜玩偶
21262533,决胜立锥
21262534,决胜围栏
21262535,决胜汽水
21262536,决胜座椅
21262537,决胜裁判
21262538,决胜看台
21262539,薄荷壁纸
21262540,薄荷地板
21262541,薄荷地毯
21262542,薄荷浴缸
21262543,薄荷水台
21262544,薄荷洗机
21262545,薄荷浴帘
21262546,薄荷小桌
21262547,薄荷香薰
21262548,薄荷小窗
21262549,薄荷壁挂
21262550,薄荷绿植
21262551,鹊桥方砖
21262552,鹊桥摇椅
21262553,鹊桥树影
21262554,鹊桥门廊
21262555,鹊桥相会
21262556,鹊桥水罐
21262557,鹊桥灯笼
21262558,鹊桥绣球
21262559,鹊桥流水
21262560,鹊桥花栏
21262561,星河墙纸
21262562,星河地板
21262563,星河织毯
21262564,星河扶椅
21262565,星河轮转
21262566,星河之书
21262567,星河绮眠
21262568,星河书架
21262569,星河炉心​
21262570,星河承露
21262571,星河浮窗​
21262572,星河云絮
21263000,铃兰编发
21263001,铃兰编发
21263002,铃兰洋装
21263003,铃兰耳坠
21263004,绘梦长发
21263005,绘梦洋装
21263006,绘梦画板
21263007,绘梦耳饰
21263008,网球马尾
21263009,网球套装
21263010,网球拍
21263011,偶像马尾
21263012,偶像歌服
21263013,偶像麦克
21263014,偶像背包
21263015,偶像妆容
21263016,偶像戒指
21263017,曼舞盘发
21263018,曼舞衣裙
21263019,曼舞花杖
21263020,曼舞灵翅
21263021,曼舞耳饰
21263022,曼舞面饰
21263023,曼舞眼瞳
21263024,葵野编发
21263025,葵野衣装
21263026,葵野花篮
21263027,葵野背包
21263028,葵野红晕
21263029,恋恋马尾
21263030,恋恋衣裙
21263031,恋恋发圈
21263032,潮流卷发
21263033,潮流衣裙
21263034,潮流耳环
21263035,潮流手绳
21263036,书香马尾
21263037,书香套裙
21263038,书香诗集
21263039,书香眼镜
21263040,鸢尾短发
21263041,鸢尾西装
21263042,鸢尾耳饰
21263043,童趣发型
21263044,童趣校服
21263045,童趣书包
21263046,动感短发
21263047,动感套装
21263048,动感耳环
21263049,浪花马尾
21263050,浪花泳装
21263051,浪花手饰
21263052,光影长发
21263053,光影衣裙
21263054,光影发饰
21263055,复古礼裙
21263056,复古眼镜
21263057,复古披发
21263058,霓虹扎发
21263059,霓虹衣裙
21263060,霓虹耳饰
21263061,悠游短辫
21263062,悠游短裙
21263063,悠游背包
21263064,悠游远望
21263065,天鹅长发
21263066,天鹅舞裙
21263067,天鹅手饰
21263068,天鹅之泪
21263069,天鹅羽翼
21263070,海恋长发
21263071,海恋礼服
21263072,海恋紫瞳
21263073,海恋竖琴
21263074,海恋耳坠
21263075,海恋手套
21263076,暖绒盘发
21263077,暖绒睡袍
21263078,暖绒小熊
21263079,英伦披发
21263080,英伦套装
21263081,英伦礼帽
21263082,医者长发
21263083,医者套装
21263084,医者手套
21263085,萌骑双马尾
21263086,萌骑背带
21263087,萌骑手套
21263088,青春马尾
21263089,青春校服
21263090,青春眼睛
21263091,春晖卷发
21263092,春晖长裙
21263093,春晖发饰
21263094,墨竹盘发
21263095,墨竹旗袍
21263096,墨竹画扇
21263097,墨竹发簪
21263098,柠檬披发
21263099,柠檬套装
21263100,柠檬耳坠
21263101,咩咩卷发
21263102,咩咩套装
21263103,咩咩玩偶
21263104,咩咩鼻子
21263105,舵手编发
21263106,舵手工装
21263107,舵手手套
21263108,灌篮马尾
21263109,灌篮套装
21263110,灌篮贴纸
21263111,甜橙双辫
21263112,甜橙裙装
21263113,甜橙兔耳
21263114,邻家短发
21263115,邻家短裙
21263116,邻家书包
21263117,绿野长发
21263118,绿野长袍
21263119,绿野耳坠
21263120,绿野手套
21263121,玫瑰编发
21263122,玫瑰礼服
21263123,玫瑰手饰
21263124,玫瑰面饰
21263125,秋梦编发
21263126,秋梦风衣
21263127,秋梦眼镜
21263128,秋梦之书
21263129,夜色编发
21263130,夜色披风
21263131,夜色镜片
21263132,夜色手套
21263133,凛冬长发
21263134,凛冬长袍
21263135,凛冬手套
21263136,凛冬发饰
21263137,星野雨帽
21263138,星野雨衣
21263139,星野雨伞
21263140,星野面饰
21263141,幸运卷发
21263142,幸运长裙
21263143,幸运发饰
21263144,幸运手袖
21263145,棒球短发
21263146,棒球队服
21263147,棒球棍
21263148,雪恋长发
21263149,雪恋大衣
21263150,雪恋手套
21263151,雪恋背包
21263152,春日短发
21263153,春日洋裙
21263154,春日花环
21263155,春日草莓
21263156,旷野编发
21263157,旷野套装
21263158,旷野玩偶
21263159,旷野手套
21263160,旷野美瞳
21263161,海岸编发
21263162,海岸泳衣
21263163,海岸水枪
21263164,海岸美瞳
21263165,海岸糖果
21263166,春深盘发
21263167,春深汉服
21263168,春深纸鸢
21263169,春深之瞳
21263170,春深面饰
21263171,可可礼帽
21263172,可可洋裙
21263173,可可手杖
21263174,可可美瞳
21263175,可可翅膀
21263176,野火狮帽
21263177,野火舞服
21263178,野火彩球
21263179,野火耳坠
21263180,金粽礼帽
21263181,美味粽子
21263182,金粽手套
21263183,金粽礼服
21263184,心跳盘发
21263185,心跳礼服
21263186,心跳面贴
21263187,心跳手套
21263188,心跳美瞳
21263189,真相披发
21263190,真相耳坠
21263191,真相风衣
21263192,真相之镜
21263193,满分马尾
21263194,满分发夹
21263195,满分围裙
21263196,满分餐板
21263197,绯色披发
21263198,绯色浴衣
21263199,绯色荷包
21263200,绯色发簪
21263201,暹罗团发
21263202,暹罗发饰
21263203,暹罗长裙
21263204,暹罗手镯
21263205,跃动马尾
21263206,发梢轻扬
21263207,奶茶双辫
21263208,福运成双
21263209,浅金垂瀑
21263210,复古随行
21263211,雏菊花篮
21263212,时光提灯
21263213,红玫情深
21263214,奶茶微甜
21263215,灵动泪珠
21263216,默认脸
21263217,御姐脸
21263218,小猫脸
21263219,帅帅脸
21263220,乖乖脸
21263221,萌新驾到
21263222,店长标配
21263223,黄鸡轻舞
21263224,花漾春晖
21263225,斑斓墨镜
21263226,海湾草帽
21263227,海湾长裙
21263228,海湾墨镜
21263229,海湾背包
21263230,自由短发
21263231,自由套装
21263232,自由脸贴
21263233,自由烤串
21263234,月夕盘发
21263235,月夕织装
21263236,月夕喜鹊
21263237,月夕耳坠
21263238,月夕团扇
21263239,纯白卷发
21263240,纯白礼裙
21263241,纯白背包
21263242,纯白耳坠
21263243,银河盘发
21263244,银河曳裙
21263245,银河星杖
21263246,银河面饰
21263247,银河凝眸
21264001,奖励地块-金币
21264002,奖励地块-探索币
21264003,奖励地块-随机薯乐家具图纸
21264004,奖励地块-随机知雨家具图纸
21264005,奖励地块-随机芙蓉家具图纸
21264006,奖励地块-随机秋日家具图纸
21264007,奖励地块奖励-春
21264008,奖励地块奖励-夏
21264009,奖励地块奖励-秋
21264010,奖励地块奖励-冬
21264101,秘宝地块-奖励
21264102,秘宝地块-秘宝奖励
21264201,秘境地块-随机家具图纸
21264202,秘境地块-奖励
21271011,拼图B掉落包
21271012,拼图B掉落包-测试数据
21271013,拼图C掉落包-测试数据
21271014,拼图A掉落包
21271021,碎片额外掉落触发
21271201,拼图碎片使用空掉落
21271202,挠挠券使用空掉落
21271203,暑期二期-月夕喜鹊
21271204,暑期二期-鹊桥相会
21271205,暑期二期-祈愿喷泉
21271301,活动扭蛋基础奖池-抖音版本
21271302,二十连小保底
21271303,鹊桥传说-福袋保底
21271304,月夕乞巧-自解掉落
21271311,金币扭蛋池-常驻
21271312,十连小保底
21271313,蝶影之梦-福袋保底
21271314,纯白絮语-福袋保底
21271321,钻石扭蛋池-常驻
21271322,二十连小保底
21271323,幻蝶之宴-福袋保底
21271324,牛仔部落-福袋保底
21271325,人鱼公主-福袋保底
21271326,旷野之歌-福袋保底
21271327,月桂秋景-福袋保底
21271401,月饼材料礼盒
21271402,糖
21271403,芋泥
21271404,坚果
21271405,糖-额外掉落
21271406,芋泥-额外掉落
21271407,坚果-额外掉落
21271408,3个鱼饵
21271411,3个鱼饵-额外掉落
21271421,每日礼包1
21271422,每日礼包2
21271423,每日礼包3
21271424,外观礼包-中秋
21271425,家具礼包-中秋
21271426,摆件礼包-中秋
21271431,中秋日常奖励1
21271432,中秋日常奖励2
21271433,中秋日常奖励3
21271434,中秋日常奖励4
21271435,中秋日常奖励5
21271436,中秋日常奖励6
21271437,中秋日常奖励7
21271438,中秋日常奖励8
21271439,中秋日常奖励9
21271441,中秋活跃奖励1
21271442,中秋活跃奖励2
21271443,中秋活跃奖励3
21271444,中秋活跃奖励4
21271445,中秋活跃奖励5
21271446,中秋活跃奖励6
21271447,中秋活跃奖励7
21271451,花果月饼
21271452,冰皮月饼
21271461,中秋转盘
21271462,累计次数奖励
21271463,累计次数奖励
21271464,累计次数奖励
21271465,累计次数奖励
21271466,累计次数奖励
21271467,累计次数奖励
21271468,累计次数奖励
21271469,累计次数奖励
21271470,累计次数奖励
21272001,金币特惠礼包
21272002,金币超值特惠
21272003,金币超值特惠
21272004,金币特惠礼包
21272005,金币超值特惠
21272006,金币超值特惠
21272007,金币特惠礼包
21272008,金币超值特惠
21272009,金币超值特惠
21272010,金币特惠礼包
21272011,金币超值特惠
21272012,金币超值特惠
21272013,金币特惠礼包
21272014,金币超值特惠
21272015,金币超值特惠
21272016,金币超值特惠
21272017,金币超值特惠
21272018,金币超值特惠
21272019,金币特惠礼包
21272101,钻石特惠礼包
21272102,钻石特惠礼包
21272103,钻石超值特惠
21272104,钻石特惠礼包
21272105,钻石特惠礼包
21272106,钻石特惠礼包
21272107,钻石特惠礼包
21272108,钻石特惠礼包
21272109,钻石特惠礼包
21272201,花坊经营礼包
21272202,花坊经营礼包
21272203,花坊经营礼包
21272301,顾客委托礼包
21272302,顾客委托礼包
21272303,顾客委托礼包
21272401,水滴特惠礼包
21272402,材料特惠礼包
22111001,茉莉
22111002,玫瑰
22111003,草莓
22111004,葡萄
22111005,小麦
22111006,菠萝
22111007,百香果
22111008,树莓
22111009,西瓜
22111010,香蕉
22112001,金菊
22112002,栀子花
22112003,洛神花
22112004,仙草
22112005,蓝莓
22112006,红豆
22112007,薄荷
22112008,薰衣草
22112009,香草
22121001,茶叶
22121002,咖啡豆
22121003,椰子
22121004,柠檬
22121005,桃子
22103001,野蜂
22103002,帝皇蜂
22103003,奶牛
22103004,鸡
22211001,茉香悠悠
22211002,茉莉清茶
22211003,红玫茉香
22211004,栀子蜜茶
22211005,栀香奶绿
22211006,红玫洛神
22211007,薄荷草茶
22211008,树莓桃桃
22212001,草莓果茶
22212002,洛神青提
22212003,果味椰汁
22212004,莓桃果茶
22212005,酸果莓莓
22212006,冰柠西瓜
22213001,美式咖啡
22213002,玫瑰拿铁
22213003,巴西利亚咖啡
22213004,生椰拿铁
22213005,柠檬雪顶
22213006,冰吸拿铁
22214001,花香甜筒
22214002,柠檬巴菲
22214003,百香果圣代
22214004,热带风暴
22214005,西瓜巴菲
22214006,香草巴菲
22215001,葡萄酸奶
22215002,葡萄布丁
22215003,百香果椰冻
22215004,酸甜布丁
22215005,红豆甜水
22215006,香蕉红豆布丁
22216001,花香果挞
22216002,葡萄慕斯
22216003,花香松饼
22216004,蓝莓曲奇
22216005,薄荷千层
22216006,缤纷果卷
22217001,糖水罐
22217002,萌宠饲料
22218001,咖啡粉
22218002,小麦粉
22218003,鲜奶油
22290001,花果月饼
